FIPS,Recip_County,Recip_State,Series_Complete_Pop_Pct
5075,Lawrence County,AR,42.3
1053,Escambia County,AL,33.1
19171,Tama County,IA,58
6043,Mariposa County,CA,0
19097,Jackson County,IA,49.2
21009,Barren County,KY,41.5
27077,Lake of the Woods County,MN,51.8
72079,Lajas Municipio,PR,70.7
37001,Alamance County,NC,52.5
2180,Nome Census Area,AK,61.9
29113,Lincoln County,MO,35.8
48401,Rusk County,TX,34.4
48379,Rains County,TX,33.6
26073,Isabella County,MI,41.4
25023,Plymouth County,MA,62.4
28065,Jefferson Davis County,MS,40.4
37081,Guilford County,NC,55
13049,Charlton County,GA,12.9
51067,Franklin County,VA,40.9
13191,McIntosh County,GA,36.2
72119,Rio Grande Municipio,PR,63.9
29131,Miller County,MO,30.7
40103,Noble County,OK,56.7
31005,Arthur County,NE,17.5
39033,Crawford County,OH,41.5
13225,Peach County,GA,15.7
13057,Cherokee County,GA,30.9
51175,Southampton County,VA,35.6
18141,St. Joseph County,IN,53.9
29103,Knox County,MO,37.3
48331,Milam County,TX,41.4
20127,Morris County,KS,51.4
36027,Dutchess County,NY,63.4
37153,Richmond County,NC,43.3
33003,Carroll County,NH,65.7
72089,Luquillo Municipio,PR,63.5
51061,Fauquier County,VA,54.8
18047,Franklin County,IN,34.5
29117,Livingston County,MO,40.6
27063,Jackson County,MN,47.2
30101,Toole County,MT,42.3
37123,Montgomery County,NC,38.7
44001,Bristol County,RI,70.6
22073,Ouachita Parish,LA,41.2
48413,Schleicher County,TX,40
29077,Greene County,MO,45.2
20035,Cowley County,KS,43.1
13027,Brooks County,GA,31.9
49021,Iron County,UT,40.1
26089,Leelanau County,MI,78.1
17019,Champaign County,IL,57.4
51053,Dinwiddie County,VA,44.5
20017,Chase County,KS,41.8
26043,Dickinson County,MI,62.7
47023,Chester County,TN,32.8
35061,Valencia County,NM,53.5
51005,Alleghany County,VA,37.5
8081,Moffat County,CO,39
9009,New Haven County,CT,70.3
24019,Dorchester County,MD,53.5
38039,Griggs County,ND,43.9
36095,Schoharie County,NY,52.5
19053,Decatur County,IA,37.5
51033,Caroline County,VA,38.1
39165,Warren County,OH,57.7
2185,North Slope Borough,AK,34.4
46097,Miner County,SD,49.5
54031,Hardy County,WV,24.7
2068,Denali Borough,AK,47.4
42029,Chester County,PA,62.5
12079,Madison County,FL,39.7
48247,Jim Hogg County,TX,50.2
20195,Trego County,KS,37.5
29025,Caldwell County,MO,36.1
36035,Fulton County,NY,49.6
45085,Sumter County,SC,45.4
24510,Baltimore city,MD,57.2
40129,Roger Mills County,OK,33.4
5125,Saline County,AR,44.7
21117,Kenton County,KY,54.3
54059,Mingo County,WV,24.8
13157,Jackson County,GA,25.4
54009,Brooke County,WV,22.1
31015,Boyd County,NE,32.3
54039,Kanawha County,WV,32.1
32009,Esmeralda County,NV,38.3
31169,Thayer County,NE,43.5
40119,Payne County,OK,44.1
26051,Gladwin County,MI,45.1
UNK,Unknown County,VI,0
47133,Overton County,TN,33.1
36075,Oswego County,NY,54.5
40085,Love County,OK,38.8
48355,Nueces County,TX,51.7
12115,Sarasota County,FL,65.2
48049,Brown County,TX,37.1
48507,Zavala County,TX,47.2
42081,Lycoming County,PA,49.9
19159,Ringgold County,IA,48.1
22037,East Feliciana Parish,LA,37.1
22123,West Carroll Parish,LA,37.9
46041,Dewey County,SD,59.1
48217,Hill County,TX,37.6
26093,Livingston County,MI,56.5
51195,Wise County,VA,42.6
22113,Vermilion Parish,LA,34.7
20031,Coffey County,KS,48.9
19185,Wayne County,IA,38.8
18143,Scott County,IN,41
12125,Union County,FL,33.3
21151,Madison County,KY,43.3
29161,Phelps County,MO,40
9001,Fairfield County,CT,73.2
47077,Henderson County,TN,38.6
18103,Miami County,IN,38.7
40027,Cleveland County,OK,48.5
28137,Tate County,MS,40.5
35047,San Miguel County,NM,61.4
41045,Malheur County,OR,42.8
40121,Pittsburg County,OK,41.1
13017,Ben Hill County,GA,14.4
17097,Lake County,IL,68.2
48239,Jackson County,TX,40.7
46005,Beadle County,SD,44
29229,Wright County,MO,33.6
56045,Weston County,WY,32.9
20113,McPherson County,KS,51.4
51091,Highland County,VA,55.8
21133,Letcher County,KY,49.4
78020,St. John Island,VI,0
8049,Grand County,CO,57.9
39075,Holmes County,OH,16.8
28127,Simpson County,MS,41
22071,Orleans Parish,LA,62.9
28141,Tishomingo County,MS,35.9
42055,Franklin County,PA,46.8
36055,Monroe County,NY,65.7
47179,Washington County,TN,54.6
31039,Cuming County,NE,48.3
26121,Muskegon County,MI,50.7
42007,Beaver County,PA,50.1
13241,Rabun County,GA,27.6
39135,Preble County,OH,39.5
72055,Guanica Municipio,PR,63.9
49023,Juab County,UT,32.6
36057,Montgomery County,NY,61.1
29169,Pulaski County,MO,56.1
6025,Imperial County,CA,71.3
50003,Bennington County,VT,38.6
20047,Edwards County,KS,44.2
29123,Madison County,MO,35.6
30039,Granite County,MT,34.5
12111,St. Lucie County,FL,53.2
51570,Colonial Heights city,VA,36
31107,Knox County,NE,45.6
39019,Carroll County,OH,40.4
6055,Napa County,CA,68.9
48065,Carson County,TX,32.5
20033,Comanche County,KS,43.1
48375,Potter County,TX,40.5
37069,Franklin County,NC,46
19177,Van Buren County,IA,39.4
42017,Bucks County,PA,66
40053,Grant County,OK,39.5
48147,Fannin County,TX,40
26115,Monroe County,MI,52
21219,Todd County,KY,38.4
13219,Oconee County,GA,28.2
18115,Ohio County,IN,70.4
27061,Itasca County,MN,52.2
26005,Allegan County,MI,47.8
48371,Pecos County,TX,52.4
39161,Van Wert County,OH,39.5
36059,Nassau County,NY,72.8
2290,Yukon-Koyukuk Census Area,AK,62.9
21019,Boyd County,KY,43.3
12017,Citrus County,FL,52.7
49047,Uintah County,UT,36.5
13053,Chattahoochee County,GA,99.9
22047,Iberville Parish,LA,50.6
28163,Yazoo County,MS,44.7
48393,Roberts County,TX,29.9
18109,Morgan County,IN,50
31123,Morrill County,NE,32.1
53057,Skagit County,WA,61.1
21111,Jefferson County,KY,57.6
1087,Macon County,AL,42.8
31023,Butler County,NE,46.7
20039,Decatur County,KS,37.5
13063,Clayton County,GA,22
46081,Lawrence County,SD,50.6
42011,Berks County,PA,57
18093,Lawrence County,IN,45.9
41023,Grant County,OR,42.8
48255,Karnes County,TX,51.8
45055,Kershaw County,SC,52.5
20013,Brown County,KS,54.7
72043,Coamo Municipio,PR,64.3
21177,Muhlenberg County,KY,47.1
30071,Phillips County,MT,40
18183,Whitley County,IN,44.3
48093,Comanche County,TX,42
46053,Gregory County,SD,45.7
32013,Humboldt County,NV,38.1
28155,Webster County,MS,44.7
31163,Sherman County,NE,37.4
21109,Jackson County,KY,32.9
17011,Bureau County,IL,52.2
20021,Cherokee County,KS,42
27169,Winona County,MN,58.7
28139,Tippah County,MS,38.6
51191,Washington County,VA,53.1
12019,Clay County,FL,45.1
51051,Dickenson County,VA,42.7
51179,Stafford County,VA,50
48343,Morris County,TX,38.9
24027,Howard County,MD,75.3
31165,Sioux County,NE,23.2
17143,Peoria County,IL,55.1
31047,Dawson County,NE,43.1
31145,Red Willow County,NE,34.1
21115,Johnson County,KY,46.5
39079,Jackson County,OH,42.4
55115,Shawano County,WI,48.7
13067,Cobb County,GA,40
48091,Comal County,TX,54.3
41019,Douglas County,OR,49.7
20199,Wallace County,KS,34.6
48389,Reeves County,TX,43.1
27119,Polk County,MN,52.8
40051,Grady County,OK,34.5
40031,Comanche County,OK,55
30103,Treasure County,MT,43.8
55045,Green County,WI,58.3
48243,Jeff Davis County,TX,48.9
48017,Bailey County,TX,35.5
38031,Foster County,ND,51
27105,Nobles County,MN,54.8
48493,Wilson County,TX,47.6
19037,Chickasaw County,IA,50.7
45027,Clarendon County,SC,42.9
54005,Boone County,WV,30.8
13253,Seminole County,GA,18.6
1031,Coffee County,AL,36
19051,Davis County,IA,34.1
21137,Lincoln County,KY,37.3
30049,Lewis and Clark County,MT,54
17043,DuPage County,IL,68.6
55055,Jefferson County,WI,52.2
72013,Arecibo Municipio,PR,99.9
48415,Scurry County,TX,43.1
20141,Osborne County,KS,39.2
48297,Live Oak County,TX,39.1
5115,Pope County,AR,45.5
10003,New Castle County,DE,60.7
20069,Gray County,KS,40.5
48473,Waller County,TX,37.5
1015,Calhoun County,AL,42.7
17067,Hancock County,IL,44.1
6061,Placer County,CA,60.3
42035,Clinton County,PA,40.8
38029,Emmons County,ND,31.4
16021,Boundary County,ID,30.2
29197,Schuyler County,MO,26.4
19197,Wright County,IA,52.9
29041,Chariton County,MO,35.1
46127,Union County,SD,46.4
42095,Northampton County,PA,61.4
26097,Mackinac County,MI,70.9
8025,Crowley County,CO,20
5025,Cleveland County,AR,48.3
22025,Catahoula Parish,LA,37.1
12021,Collier County,FL,65.1
54023,Grant County,WV,13.7
48435,Sutton County,TX,40.6
37045,Cleveland County,NC,45
UNK,Unknown County,MI,0
30007,Broadwater County,MT,30.2
36105,Sullivan County,NY,54.8
6053,Monterey County,CA,61.5
28081,Lee County,MS,40.1
31151,Saline County,NE,46.7
6103,Tehama County,CA,37.1
1085,Lowndes County,AL,43.6
34021,Mercer County,NJ,62.4
55041,Forest County,WI,55.3
47001,Anderson County,TN,51.1
53007,Chelan County,WA,64.5
32019,Lyon County,NV,37.8
12103,Pinellas County,FL,59.9
8063,Kit Carson County,CO,35.2
5093,Mississippi County,AR,36.9
30095,Stillwater County,MT,39.2
13155,Irwin County,GA,14.6
UNK,Unknown County,TX,0
33019,Sullivan County,NH,57.9
29007,Audrain County,MO,34.1
19101,Jefferson County,IA,44.7
48059,Callahan County,TX,34.2
UNK,Unknown County,MA,0
17185,Wabash County,IL,44.2
49043,Summit County,UT,77.3
29175,Randolph County,MO,34.1
20143,Ottawa County,KS,37.7
15007,Kauai County,HI,0
18007,Benton County,IN,39.1
13221,Oglethorpe County,GA,27.4
8079,Mineral County,CO,75.6
8043,Fremont County,CO,39.6
21165,Menifee County,KY,41.1
37065,Edgecombe County,NC,43.2
21155,Marion County,KY,45.5
29099,Jefferson County,MO,40.1
31119,Madison County,NE,41.8
12093,Okeechobee County,FL,43
31139,Pierce County,NE,34.8
16055,Kootenai County,ID,39.7
23019,Penobscot County,ME,64.9
UNK,Unknown County,IA,0
27005,Becker County,MN,50
41001,Baker County,OR,67
13115,Floyd County,GA,18.8
13135,Gwinnett County,GA,31.9
55027,Dodge County,WI,47.4
UNK,Unknown County,OR,0
28077,Lawrence County,MS,50.5
46009,Bon Homme County,SD,52.5
55139,Winnebago County,WI,55.7
17195,Whiteside County,IL,53.3
39091,Logan County,OH,39
21195,Pike County,KY,49
47003,Bedford County,TN,38.4
47005,Benton County,TN,40.8
19061,Dubuque County,IA,59.1
27087,Mahnomen County,MN,54.7
8053,Hinsdale County,CO,56.7
53051,Pend Oreille County,WA,37
17107,Logan County,IL,50
51730,Petersburg city,VA,33.3
54057,Mineral County,WV,34.7
18113,Noble County,IN,36
22059,La Salle Parish,LA,38.8
47061,Grundy County,TN,28
45091,York County,SC,43.5
48131,Duval County,TX,55
55085,Oneida County,WI,61.1
19191,Winneshiek County,IA,57.4
17101,Lawrence County,IL,38.8
51099,King George County,VA,43.7
36119,Westchester County,NY,71.3
19043,Clayton County,IA,45
48007,Aransas County,TX,52.2
18011,Boone County,IN,64.3
26057,Gratiot County,MI,42.4
55003,Ashland County,WI,63.6
28057,Itawamba County,MS,32.3
16035,Clearwater County,ID,38.1
51165,Rockingham County,VA,41.1
35007,Colfax County,NM,57.2
48385,Real County,TX,46.3
20145,Pawnee County,KS,49.2
51069,Frederick County,VA,44.9
5083,Logan County,AR,42.7
29205,Shelby County,MO,44.3
40099,Murray County,OK,41.5
20101,Lane County,KS,39
39037,Darke County,OH,36
17113,McLean County,IL,57.6
16047,Gooding County,ID,36.6
2070,Dillingham Census Area,AK,45.1
13211,Morgan County,GA,24
13195,Madison County,GA,23.3
25027,Worcester County,MA,62.3
9011,New London County,CT,72.3
20071,Greeley County,KS,47.9
47045,Dyer County,TN,36.6
18065,Henry County,IN,48.5
13255,Spalding County,GA,17.3
12003,Baker County,FL,31.8
19143,Osceola County,IA,42.3
30061,Mineral County,MT,49.6
51199,York County,VA,53.2
5117,Prairie County,AR,39.4
29033,Carroll County,MO,46
4007,Gila County,AZ,53.3
42079,Luzerne County,PA,58.8
55121,Trempealeau County,WI,60
1043,Cullman County,AL,35.4
8113,San Miguel County,CO,75.4
26011,Arenac County,MI,48.2
48455,Trinity County,TX,36.4
19165,Shelby County,IA,55.2
51155,Pulaski County,VA,41.3
21103,Henry County,KY,49
29157,Perry County,MO,36.9
26041,Delta County,MI,58.4
38019,Cavalier County,ND,55.9
36109,Tompkins County,NY,72
55061,Kewaunee County,WI,48
45041,Florence County,SC,49.6
22091,St. Helena Parish,LA,28.1
17201,Winnebago County,IL,51.8
40149,Washita County,OK,36
42065,Jefferson County,PA,46.5
51840,Winchester city,VA,41.2
42037,Columbia County,PA,58.7
31033,Cheyenne County,NE,39.2
16051,Jefferson County,ID,34.3
48039,Brazoria County,TX,52.3
13081,Crisp County,GA,19.6
20189,Stevens County,KS,32.7
13143,Haralson County,GA,15.7
2164,Lake and Peninsula Borough,AK,51.8
21139,Livingston County,KY,45.7
UNK,Unknown County,IL,0
37071,Gaston County,NC,45.6
42097,Northumberland County,PA,56.5
49037,San Juan County,UT,53.5
35045,San Juan County,NM,63.5
47041,DeKalb County,TN,37.8
49007,Carbon County,UT,42.9
45005,Allendale County,SC,53.2
6075,San Francisco County,CA,75.7
6003,Alpine County,CA,0
15003,Honolulu County,HI,0
41047,Marion County,OR,57.4
20137,Norton County,KS,49.2
18153,Sullivan County,IN,46.2
31175,Valley County,NE,30.3
39109,Miami County,OH,43.5
21183,Ohio County,KY,36.4
30083,Richland County,MT,36.5
40011,Blaine County,OK,42.9
47173,Union County,TN,32.3
6067,Sacramento County,CA,59.4
53021,Franklin County,WA,46.2
29135,Moniteau County,MO,33.5
12113,Santa Rosa County,FL,46.1
48465,Val Verde County,TX,58.9
42093,Montour County,PA,72.8
21113,Jessamine County,KY,48.6
48353,Nolan County,TX,38.8
32029,Storey County,NV,19
28031,Covington County,MS,46.1
72061,Guaynabo Municipio,PR,82.6
21069,Fleming County,KY,46.8
38101,Ward County,ND,41.5
47185,White County,TN,39.6
27015,Brown County,MN,60.5
5045,Faulkner County,AR,44.2
20027,Clay County,KS,52.9
19049,Dallas County,IA,59.1
6065,Riverside County,CA,52
19081,Hancock County,IA,46.1
38057,Mercer County,ND,35.9
72091,Manati Municipio,PR,71.8
6027,Inyo County,CA,0
53037,Kittitas County,WA,49.8
13149,Heard County,GA,14.4
54067,Nicholas County,WV,30.7
40097,Mayes County,OK,39.2
45007,Anderson County,SC,37.1
23011,Kennebec County,ME,64.6
21119,Knott County,KY,44.5
33005,Cheshire County,NH,57.6
8095,Phillips County,CO,47.1
6039,Madera County,CA,46.7
8001,Adams County,CO,60.4
5073,Lafayette County,AR,38.6
18041,Fayette County,IN,36.3
1121,Talladega County,AL,33.6
29039,Cedar County,MO,30
31147,Richardson County,NE,47.2
UNK,Unknown County,MO,0
8003,Alamosa County,CO,50.7
47069,Hardeman County,TN,41.8
18097,Marion County,IN,50.7
8089,Otero County,CO,43.9
21005,Anderson County,KY,50.3
5097,Montgomery County,AR,34.3
13111,Fannin County,GA,21.8
19047,Crawford County,IA,49.7
UNK,Unknown County,NE,0
54081,Raleigh County,WV,22
72003,Aguada Municipio,PR,66
72053,Fajardo Municipio,PR,70.5
20081,Haskell County,KS,35.2
2188,Northwest Arctic Borough,AK,52
27035,Crow Wing County,MN,52
19145,Page County,IA,49.2
49001,Beaver County,UT,42.1
46007,Bennett County,SD,47.7
42009,Bedford County,PA,35.5
1017,Chambers County,AL,28.6
51047,Culpeper County,VA,43.7
31071,Garfield County,NE,27.7
29081,Harrison County,MO,31
54011,Cabell County,WV,22.5
46093,Meade County,SD,50
26153,Schoolcraft County,MI,52.8
39153,Summit County,OH,57.1
23025,Somerset County,ME,56.4
13127,Glynn County,GA,45.8
36097,Schuyler County,NY,57.8
26077,Kalamazoo County,MI,56.8
38063,Nelson County,ND,64.7
72049,Culebra Municipio,PR,93.3
72001,Adjuntas Municipio,PR,67.9
55011,Buffalo County,WI,46.4
5063,Independence County,AR,36.8
29087,Holt County,MO,38.5
38041,Hettinger County,ND,36.3
13141,Hancock County,GA,15.1
39163,Vinton County,OH,36.2
UNK,Unknown County,NV,0
51143,Pittsylvania County,VA,39.5
29209,Stone County,MO,35.6
55031,Douglas County,WI,39.4
4023,Santa Cruz County,AZ,92.4
20139,Osage County,KS,46.6
19127,Marshall County,IA,59.4
47137,Pickett County,TN,41
6097,Sonoma County,CA,69.6
72059,Guayanilla Municipio,PR,73.3
20085,Jackson County,KS,58
19103,Johnson County,IA,65.5
8011,Bent County,CO,24.1
27059,Isanti County,MN,38.6
51127,New Kent County,VA,48.6
27139,Scott County,MN,62.2
30087,Rosebud County,MT,76.3
16033,Clark County,ID,34.6
5055,Greene County,AR,39.5
5039,Dallas County,AR,52.4
18057,Hamilton County,IN,65.1
17027,Clinton County,IL,52.2
8105,Rio Grande County,CO,56.8
21161,Mason County,KY,46.5
22053,Jefferson Davis Parish,LA,33.8
19139,Muscatine County,IA,55.1
53043,Lincoln County,WA,49.4
29075,Gentry County,MO,40.2
22095,St. John the Baptist Parish,LA,53.2
48345,Motley County,TX,25.2
31135,Perkins County,NE,37
36043,Herkimer County,NY,54.1
5011,Bradley County,AR,52.1
42087,Mifflin County,PA,50
39139,Richland County,OH,40.1
46099,Minnehaha County,SD,58.7
16015,Boise County,ID,29.4
38095,Towner County,ND,43.5
47097,Lauderdale County,TN,34.5
48313,Madison County,TX,36.7
29091,Howell County,MO,30.1
39123,Ottawa County,OH,57
36023,Cortland County,NY,54.3
19161,Sac County,IA,49.3
47171,Unicoi County,TN,50.1
51690,Martinsville city,VA,39.1
5127,Scott County,AR,43.8
12007,Bradford County,FL,39
18177,Wayne County,IN,45.3
13165,Jenkins County,GA,23
UNK,Unknown County,LA,0
26127,Oceana County,MI,50.4
34035,Somerset County,NJ,67.8
18005,Bartholomew County,IN,54.4
30091,Sheridan County,MT,45.4
37159,Rowan County,NC,40.1
55007,Bayfield County,WI,75.5
48089,Colorado County,TX,47.4
20129,Morton County,KS,37.3
27131,Rice County,MN,57.7
51079,Greene County,VA,44.9
51800,Suffolk city,VA,47
29173,Ralls County,MO,26.3
28071,Lafayette County,MS,50.7
45045,Greenville County,SC,49.6
20089,Jewell County,KS,42.4
25009,Essex County,MA,66.1
42099,Perry County,PA,48.2
51045,Craig County,VA,31.9
48031,Blanco County,TX,48.7
6037,Los Angeles County,CA,63.3
51685,Manassas Park city,VA,41.8
48027,Bell County,TX,53.7
28131,Stone County,MS,41.4
34027,Morris County,NJ,70.7
51121,Montgomery County,VA,43.3
21129,Lee County,KY,45.9
34025,Monmouth County,NJ,61.7
29183,St. Charles County,MO,55.7
56011,Crook County,WY,26.4
31141,Platte County,NE,42.2
13131,Grady County,GA,20.2
4012,La Paz County,AZ,43.6
72015,Arroyo Municipio,PR,66.8
17161,Rock Island County,IL,54.7
36113,Warren County,NY,71
48395,Robertson County,TX,40.5
29159,Pettis County,MO,39.1
42039,Crawford County,PA,46.7
51031,Campbell County,VA,38.6
39041,Delaware County,OH,66.8
51139,Page County,VA,36
13159,Jasper County,GA,17
17151,Pope County,IL,30.5
39129,Pickaway County,OH,46
30013,Cascade County,MT,49.4
30063,Missoula County,MT,59.3
40057,Harmon County,OK,45.1
72105,Naranjito Municipio,PR,72.4
48277,Lamar County,TX,36.1
39171,Williams County,OH,41.2
48187,Guadalupe County,TX,49.5
72125,San German Municipio,PR,69.7
45089,Williamsburg County,SC,52.2
6089,Shasta County,CA,44.9
41027,Hood River County,OR,76.1
28009,Benton County,MS,46.6
20063,Gove County,KS,44.9
48419,Shelby County,TX,32.2
1009,Blount County,AL,28.5
13037,Calhoun County,GA,22.7
UNK,Unknown County,UT,0
26059,Hillsdale County,MI,35.5
28091,Marion County,MS,41.7
31077,Greeley County,NE,37.5
34009,Cape May County,NJ,67.5
29085,Hickory County,MO,36
48403,Sabine County,TX,34.6
29029,Camden County,MO,41.8
29069,Dunklin County,MO,34.1
21105,Hickman County,KY,34.1
72035,Cayey Municipio,PR,74.1
31155,Saunders County,NE,47.5
29143,New Madrid County,MO,30.9
20045,Douglas County,KS,55.5
48487,Wilbarger County,TX,47.9
21041,Carroll County,KY,42.3
56015,Goshen County,WY,35.6
39043,Erie County,OH,54.6
39085,Lake County,OH,59.7
50027,Windsor County,VT,45.7
53029,Island County,WA,60.3
47027,Clay County,TN,27.1
22087,St. Bernard Parish,LA,43.3
34033,Salem County,NJ,49.3
42127,Wayne County,PA,59.3
28087,Lowndes County,MS,46.7
37109,Lincoln County,NC,44.2
47169,Trousdale County,TN,33.5
72081,Lares Municipio,PR,83
12097,Osceola County,FL,65.3
13083,Dade County,GA,22
38073,Ransom County,ND,55
37155,Robeson County,NC,37.6
27011,Big Stone County,MN,58.8
20153,Rawlins County,KS,39.4
5109,Pike County,AR,39.3
31081,Hamilton County,NE,41.5
21091,Hancock County,KY,54.7
9013,Tolland County,CT,61.6
19059,Dickinson County,IA,54.1
32017,Lincoln County,NV,35.6
38059,Morton County,ND,39.6
40079,Le Flore County,OK,35.6
54001,Barbour County,WV,7
49051,Wasatch County,UT,52.5
21193,Perry County,KY,57.2
37037,Chatham County,NC,51.3
51049,Cumberland County,VA,34.7
5019,Clark County,AR,45
48471,Walker County,TX,43.8
9003,Hartford County,CT,68.6
18125,Pike County,IN,54.1
13243,Randolph County,GA,19.7
6109,Tuolumne County,CA,55.1
29129,Mercer County,MO,32.3
21179,Nelson County,KY,46.8
37157,Rockingham County,NC,45.6
29115,Linn County,MO,42.6
20159,Rice County,KS,40.2
31153,Sarpy County,NE,57.2
48035,Bosque County,TX,42.1
9015,Windham County,CT,58.5
12029,Dixie County,FL,31.7
1107,Pickens County,AL,44.6
17079,Jasper County,IL,39
33017,Strafford County,NH,57
36063,Niagara County,NY,60.9
5013,Calhoun County,AR,33.8
30099,Teton County,MT,38.2
46095,Mellette County,SD,29.9
37041,Chowan County,NC,49.8
54025,Greenbrier County,WV,34.8
13231,Pike County,GA,15.7
16043,Fremont County,ID,37.8
48285,Lavaca County,TX,38.6
51089,Henry County,VA,37.5
27167,Wilkin County,MN,50.7
41029,Jackson County,OR,53.7
46065,Hughes County,SD,64.3
72031,Carolina Municipio,PR,73.2
38087,Slope County,ND,10.1
13237,Putnam County,GA,14.3
41017,Deschutes County,OR,63
22021,Caldwell Parish,LA,35.5
13125,Glascock County,GA,14.6
29013,Bates County,MO,36
20077,Harper County,KS,43.6
12083,Marion County,FL,52.4
21201,Robertson County,KY,35.2
12069,Lake County,FL,60.9
36013,Chautauqua County,NY,53.7
51157,Rappahannock County,VA,49.7
36117,Wayne County,NY,57.2
48287,Lee County,TX,43.1
31037,Colfax County,NE,41.3
48411,San Saba County,TX,33.4
51083,Halifax County,VA,40.8
54037,Jefferson County,WV,32.2
55141,Wood County,WI,56.3
37097,Iredell County,NC,47.1
12061,Indian River County,FL,62.1
34005,Burlington County,NJ,67.3
5029,Conway County,AR,49.1
22009,Avoyelles Parish,LA,41.8
28043,Grenada County,MS,48.4
39049,Franklin County,OH,57.5
45009,Bamberg County,SC,46.7
13023,Bleckley County,GA,12.5
29186,Ste. Genevieve County,MO,42
48299,Llano County,TX,47.4
42077,Lehigh County,PA,67.5
72017,Barceloneta Municipio,PR,65.9
6001,Alameda County,CA,72.1
UNK,Unknown County,WV,0
21043,Carter County,KY,44.2
25019,Nantucket County,MA,1.4
17095,Knox County,IL,53.6
48483,Wheeler County,TX,37.4
6087,Santa Cruz County,CA,70.6
15005,Kalawao County,HI,0
18157,Tippecanoe County,IN,53.2
16003,Adams County,ID,39.2
21045,Casey County,KY,32.8
47043,Dickson County,TN,44.1
37121,Mitchell County,NC,45
51161,Roanoke County,VA,47.9
21215,Spencer County,KY,26
46057,Hamlin County,SD,40.9
34013,Essex County,NJ,62.5
30053,Lincoln County,MT,32.4
27149,Stevens County,MN,52.4
51193,Westmoreland County,VA,43.7
32023,Nye County,NV,42.3
29001,Adair County,MO,41.6
36087,Rockland County,NY,57.5
24003,Anne Arundel County,MD,69.2
49039,Sanpete County,UT,35.3
12067,Lafayette County,FL,36.6
48391,Refugio County,TX,50.1
UNK,Unknown County,AS,0
46049,Faulk County,SD,50.4
51167,Russell County,VA,43.7
19091,Humboldt County,IA,46
48095,Concho County,TX,44.7
36029,Erie County,NY,63.1
5103,Ouachita County,AR,49.8
36047,Kings County,NY,61.3
47177,Warren County,TN,37.8
17163,St. Clair County,IL,56.3
13117,Forsyth County,GA,23.5
30021,Dawson County,MT,35.5
20083,Hodgeman County,KS,42.3
13133,Greene County,GA,41
17177,Stephenson County,IL,54.9
37011,Avery County,NC,49.5
22069,Natchitoches Parish,LA,39.1
35053,Socorro County,NM,61.8
53071,Walla Walla County,WA,58.2
40025,Cimarron County,OK,29.2
17049,Effingham County,IL,44.4
12085,Martin County,FL,58.9
28113,Pike County,MS,45.4
22027,Claiborne Parish,LA,38.2
28107,Panola County,MS,42.6
26053,Gogebic County,MI,62
22007,Assumption Parish,LA,39.3
19083,Hardin County,IA,51.7
37021,Buncombe County,NC,59.5
37005,Alleghany County,NC,53.7
48135,Ector County,TX,38.8
30027,Fergus County,MT,43
18105,Monroe County,IN,54.8
40083,Logan County,OK,31
5049,Fulton County,AR,29.7
32005,Douglas County,NV,48
12051,Hendry County,FL,43.1
47135,Perry County,TN,37.6
4021,Pinal County,AZ,47.5
6019,Fresno County,CA,53.3
48289,Leon County,TX,32.9
22117,Washington Parish,LA,38
21191,Pendleton County,KY,40.1
1095,Marshall County,AL,41.2
54083,Randolph County,WV,28.7
37147,Pitt County,NC,48.2
18175,Washington County,IN,37.5
39083,Knox County,OH,39.6
8014,Broomfield County,CO,72.8
72033,Catano Municipio,PR,65.3
40039,Custer County,OK,44.3
26019,Benzie County,MI,63.1
45039,Fairfield County,SC,50
22107,Tensas Parish,LA,57.8
UNK,Unknown County,NJ,0
53065,Stevens County,WA,36.1
21101,Henderson County,KY,45.9
39029,Columbiana County,OH,44.9
31179,Wayne County,NE,37.8
41005,Clackamas County,OR,62.6
17105,Livingston County,IL,46.3
13109,Evans County,GA,21.9
48139,Ellis County,TX,48.3
48081,Coke County,TX,35.4
18017,Cass County,IN,41.8
40135,Sequoyah County,OK,35.7
34039,Union County,NJ,62.6
21163,Meade County,KY,34.3
23013,Knox County,ME,76.2
48055,Caldwell County,TX,48.3
1035,Conecuh County,AL,38.6
20207,Woodson County,KS,39.2
8123,Weld County,CO,54
37047,Columbus County,NC,40.2
21173,Montgomery County,KY,41.9
72117,Rincon Municipio,PR,68.1
28035,Forrest County,MS,37.9
13169,Jones County,GA,25.3
19193,Woodbury County,IA,51.2
53025,Grant County,WA,51.3
30059,Meagher County,MT,47.2
13185,Lowndes County,GA,27.3
48491,Williamson County,TX,60.6
19089,Howard County,IA,47.9
1097,Mobile County,AL,44.5
26085,Lake County,MI,54.3
37039,Cherokee County,NC,51.1
1003,Baldwin County,AL,45.4
72063,Gurabo Municipio,PR,60.4
21187,Owen County,KY,34.2
48241,Jasper County,TX,33.1
28045,Hancock County,MS,37.1
42103,Pike County,PA,53
51019,Bedford County,VA,42.1
51135,Nottoway County,VA,41.9
16045,Gem County,ID,35.2
11001,District of Columbia,DC,60.7
51095,James City County,VA,51.6
19181,Warren County,IA,54.4
2020,Anchorage Municipality,AK,57.3
26131,Ontonagon County,MI,66.1
37093,Hoke County,NC,29.9
40131,Rogers County,OK,42.3
48267,Kimble County,TX,40.8
31011,Boone County,NE,46.2
55071,Manitowoc County,WI,55.4
26023,Branch County,MI,41.4
56029,Park County,WY,42.2
46047,Fall River County,SD,56
8111,San Juan County,CO,88.5
51109,Louisa County,VA,40.5
19071,Fremont County,IA,47.4
13305,Wayne County,GA,31.9
13187,Lumpkin County,GA,11.9
16029,Caribou County,ID,34
26075,Jackson County,MI,48.7
36123,Yates County,NY,48.3
47095,Lake County,TN,31.9
30005,Blaine County,MT,74.7
53049,Pacific County,WA,51.1
42047,Elk County,PA,53.7
UNK,Unknown County,MD,0
36039,Greene County,NY,57.5
21025,Breathitt County,KY,47.4
6059,Orange County,CA,64.3
21205,Rowan County,KY,47
21121,Knox County,KY,33.4
37117,Martin County,NC,48.2
30075,Powder River County,MT,20.3
51115,Mathews County,VA,56.7
30035,Glacier County,MT,73.6
51760,Richmond city,VA,41
8059,Jefferson County,CO,70.7
45019,Charleston County,SC,59
40001,Adair County,OK,30.5
5007,Benton County,AR,47.1
40073,Kingfisher County,OK,42.9
5061,Howard County,AR,50.4
27025,Chisago County,MN,52
5123,St. Francis County,AR,45.7
27121,Pope County,MN,51.7
48077,Clay County,TX,40.8
36093,Schenectady County,NY,65.7
17147,Piatt County,IL,53
41053,Polk County,OR,58.4
13163,Jefferson County,GA,33.3
17029,Coles County,IL,41.6
51023,Botetourt County,VA,46.7
25021,Norfolk County,MA,70.3
27027,Clay County,MN,52.5
16061,Lewis County,ID,45.1
22031,De Soto Parish,LA,39
1109,Pike County,AL,38
41021,Gilliam County,OR,41.5
48009,Archer County,TX,44.2
20015,Butler County,KS,42.9
UNK,Unknown County,OH,0
6021,Glenn County,CA,48.8
26031,Cheboygan County,MI,52.6
51620,Franklin city,VA,36.7
42051,Fayette County,PA,54.7
22003,Allen Parish,LA,33.2
48263,Kent County,TX,36.4
13025,Brantley County,GA,13.3
1029,Cleburne County,AL,28.8
13129,Gordon County,GA,16.5
29167,Polk County,MO,36.3
20173,Sedgwick County,KS,46.4
29121,Macon County,MO,37.2
40041,Delaware County,OK,34.2
12075,Levy County,FL,42.9
48409,San Patricio County,TX,50.4
19073,Greene County,IA,53.9
16087,Washington County,ID,35.9
UNK,Unknown County,MT,0
12053,Hernando County,FL,50.2
13123,Gilmer County,GA,14.4
1113,Russell County,AL,35.2
17077,Jackson County,IL,47.6
12091,Okaloosa County,FL,53.7
13039,Camden County,GA,44.6
47101,Lewis County,TN,33.2
36101,Steuben County,NY,54.1
31069,Garden County,NE,42.6
39115,Morgan County,OH,38.4
39127,Perry County,OH,37.5
46135,Yankton County,SD,58.3
20093,Kearny County,KS,48
1025,Clarke County,AL,46.8
37053,Currituck County,NC,49.9
13175,Laurens County,GA,25.6
22039,Evangeline Parish,LA,34.9
21011,Bath County,KY,48.8
51530,Buena Vista city,VA,36.8
48325,Medina County,TX,50.2
8093,Park County,CO,44.1
48043,Brewster County,TX,51.7
13005,Bacon County,GA,13.5
48369,Parmer County,TX,36.8
29053,Cooper County,MO,40.3
17129,Menard County,IL,52.8
21235,Whitley County,KY,40.3
22041,Franklin Parish,LA,33.8
1063,Greene County,AL,46
13019,Berrien County,GA,18.9
51790,Staunton city,VA,46.3
40113,Osage County,OK,31.5
13031,Bulloch County,GA,27
48363,Palo Pinto County,TX,34.2
22005,Ascension Parish,LA,46
72127,San Juan Municipio,PR,68.5
17061,Greene County,IL,36.8
1041,Crenshaw County,AL,31.3
49019,Grand County,UT,60.3
31133,Pawnee County,NE,41
36069,Ontario County,NY,62.4
39067,Harrison County,OH,39.5
72101,Morovis Municipio,PR,64.4
UNK,Unknown County,VA,0
36089,St. Lawrence County,NY,55.6
56023,Lincoln County,WY,37.6
39137,Putnam County,OH,44.7
42001,Adams County,PA,51.1
13167,Johnson County,GA,16.3
51113,Madison County,VA,50.9
21175,Morgan County,KY,44.8
48231,Hunt County,TX,38.7
20157,Republic County,KS,48.3
26055,Grand Traverse County,MI,63.2
40043,Dewey County,OK,24
36053,Madison County,NY,56.2
17017,Cass County,IL,54.2
47175,Van Buren County,TN,53.6
53019,Ferry County,WA,50.5
20049,Elk County,KS,31.1
1045,Dale County,AL,48.8
46121,Todd County,SD,49.8
48047,Brooks County,TX,55.4
18063,Hendricks County,IN,66.1
72147,Vieques Municipio,PR,73.7
17123,Marshall County,IL,51.9
6069,San Benito County,CA,57.1
49017,Garfield County,UT,51.4
28083,Leflore County,MS,56.6
12123,Taylor County,FL,36.1
16071,Oneida County,ID,37.4
UNK,Unknown County,DE,0
41049,Morrow County,OR,49.8
36001,Albany County,NY,67.8
54015,Clay County,WV,24.1
4003,Cochise County,AZ,55.8
20209,Wyandotte County,KS,49.8
51640,Galax city,VA,37.1
54043,Lincoln County,WV,16.9
48293,Limestone County,TX,33.8
9005,Litchfield County,CT,70.1
31021,Burt County,NE,53.3
53039,Klickitat County,WA,44.4
26015,Barry County,MI,45.1
29037,Cass County,MO,46.4
17083,Jersey County,IL,51
38021,Dickey County,ND,48.8
45021,Cherokee County,SC,31.5
22127,Winn Parish,LA,41.3
38047,Logan County,ND,31.7
26009,Antrim County,MI,54.7
13213,Murray County,GA,16.8
5145,White County,AR,41
8007,Archuleta County,CO,53.5
48021,Bastrop County,TX,50.8
6033,Lake County,CA,53.9
6035,Lassen County,CA,34.5
54087,Roane County,WV,5.3
12101,Pasco County,FL,53.3
6081,San Mateo County,CA,74.1
20055,Finney County,KS,40.1
55013,Burnett County,WI,52.2
48121,Denton County,TX,55.6
21073,Franklin County,KY,55.1
48201,Harris County,TX,57.1
40021,Cherokee County,OK,41.8
40065,Jackson County,OK,48.8
17145,Perry County,IL,45
27023,Chippewa County,MN,48.5
22029,Concordia Parish,LA,37.1
33009,Grafton County,NH,68.8
21181,Nicholas County,KY,48.3
50023,Washington County,VT,41.9
51137,Orange County,VA,41.1
5035,Crittenden County,AR,39.1
19013,Black Hawk County,IA,55.1
16031,Cassia County,ID,32.3
18081,Johnson County,IN,53.8
27073,Lac qui Parle County,MN,54
48431,Sterling County,TX,35.8
27037,Dakota County,MN,62
12107,Putnam County,FL,37.1
48497,Wise County,TX,35.6
72007,Aguas Buenas Municipio,PR,66.5
51510,Alexandria city,VA,57.1
19149,Plymouth County,IA,48.4
40029,Coal County,OK,36.7
40075,Kiowa County,OK,47.8
37067,Forsyth County,NC,55.4
39131,Pike County,OH,40.2
48149,Fayette County,TX,45.9
31013,Box Butte County,NE,29.6
42049,Erie County,PA,55.4
4019,Pima County,AZ,60.7
12005,Bay County,FL,46.2
20073,Greenwood County,KS,45.9
27141,Sherburne County,MN,40.6
36091,Saratoga County,NY,72
29171,Putnam County,MO,30.9
30023,Deer Lodge County,MT,53.9
29225,Webster County,MO,39.7
31029,Chase County,NE,30.1
17041,Douglas County,IL,43.7
18101,Martin County,IN,46
26125,Oakland County,MI,61.9
48099,Coryell County,TX,43.1
55039,Fond du Lac County,WI,50.7
51720,Norton city,VA,31
21127,Lawrence County,KY,42.8
31025,Cass County,NE,53.8
42123,Warren County,PA,45.6
29097,Jasper County,MO,43.6
21087,Green County,KY,39.6
29109,Lawrence County,MO,35.1
29199,Scotland County,MO,24.4
22103,St. Tammany Parish,LA,52.3
55083,Oconto County,WI,48.9
22097,St. Landry Parish,LA,37.6
17197,Will County,IL,59.6
19035,Cherokee County,IA,49.7
51117,Mecklenburg County,VA,40.8
50017,Orange County,VT,47.2
30033,Garfield County,MT,18.2
34037,Sussex County,NJ,57.4
27113,Pennington County,MN,48.7
72065,Hatillo Municipio,PR,63.2
5133,Sevier County,AR,41.1
53055,San Juan County,WA,74.4
46017,Buffalo County,SD,50.7
20171,Scott County,KS,43.5
21029,Bullitt County,KY,40.7
55089,Ozaukee County,WI,65.2
28059,Jackson County,MS,42.1
5087,Madison County,AR,39.2
42059,Greene County,PA,44.3
17173,Shelby County,IL,38.1
31137,Phelps County,NE,35.9
1051,Elmore County,AL,39.5
26007,Alpena County,MI,52.2
13119,Franklin County,GA,15.4
22121,West Baton Rouge Parish,LA,49.4
47033,Crockett County,TN,44
26025,Calhoun County,MI,47.7
72143,Vega Alta Municipio,PR,60.6
40059,Harper County,OK,41.4
48387,Red River County,TX,38.3
51185,Tazewell County,VA,39.1
51003,Albemarle County,VA,60
29073,Gasconade County,MO,48.3
UNK,Unknown County,ME,0
24035,Queen Anne's County,MD,60.5
29055,Crawford County,MO,30.5
21035,Calloway County,KY,41.4
54003,Berkeley County,WV,31.4
40153,Woodward County,OK,35
47015,Cannon County,TN,29.3
37091,Hertford County,NC,42.8
54099,Wayne County,WV,31
41059,Umatilla County,OR,50.4
21015,Boone County,KY,55.2
42045,Delaware County,PA,66.8
21033,Caldwell County,KY,47.4
20161,Riley County,KS,34.7
72141,Utuado Municipio,PR,66.9
56041,Uinta County,WY,43.5
28073,Lamar County,MS,54.1
21065,Estill County,KY,46.6
16039,Elmore County,ID,39.3
20181,Sherman County,KS,40.2
47109,McNairy County,TN,44
51057,Essex County,VA,44.8
49055,Wayne County,UT,49.8
2110,Juneau City and Borough,AK,67.1
19113,Linn County,IA,60.7
39117,Morrow County,OH,38.1
13317,Wilkes County,GA,18.9
21081,Grant County,KY,43.9
48271,Kinney County,TX,45.2
36071,Orange County,NY,59.8
28013,Calhoun County,MS,39.7
48083,Coleman County,TX,34.3
6031,Kings County,CA,40
UNK,Unknown County,GA,0
13113,Fayette County,GA,35.7
5067,Jackson County,AR,34.9
13229,Pierce County,GA,25.3
19057,Des Moines County,IA,47.1
16017,Bonner County,ID,37.9
27033,Cottonwood County,MN,51.4
39143,Sandusky County,OH,48.6
37111,McDowell County,NC,47.9
21225,Union County,KY,37.4
55001,Adams County,WI,52.1
17131,Mercer County,IL,53.7
26165,Wexford County,MI,47.9
21159,Martin County,KY,51.2
51540,Charlottesville city,VA,48.2
48457,Tyler County,TX,33
51059,Fairfax County,VA,70
26087,Lapeer County,MI,43.9
55117,Sheboygan County,WI,56
47025,Claiborne County,TN,41.1
31111,Lincoln County,NE,29.1
42015,Bradford County,PA,39.3
37043,Clay County,NC,49.5
39107,Mercer County,OH,35.3
54029,Hancock County,WV,23.4
51017,Bath County,VA,41.6
48265,Kerr County,TX,47
56001,Albany County,WY,48.7
36019,Clinton County,NY,66.3
50019,Orleans County,VT,52.8
47105,Loudon County,TN,59.4
50021,Rutland County,VT,63.1
13215,Muscogee County,GA,33.3
31159,Seward County,NE,45.9
26001,Alcona County,MI,55.3
31019,Buffalo County,NE,37
35028,Los Alamos County,NM,76.7
53027,Grays Harbor County,WA,53.9
8103,Rio Blanco County,CO,35.5
42005,Armstrong County,PA,54.9
13015,Bartow County,GA,17.2
37115,Madison County,NC,51.7
48327,Menard County,TX,49.1
17099,LaSalle County,IL,52.9
35031,McKinley County,NM,73.2
18021,Clay County,IN,52.1
48499,Wood County,TX,39.7
29051,Cole County,MO,48.9
13097,Douglas County,GA,29.5
72073,Jayuya Municipio,PR,72.9
50007,Chittenden County,VT,65.7
19147,Palo Alto County,IA,47.1
45083,Spartanburg County,SC,40
39113,Montgomery County,OH,51
55047,Green Lake County,WI,51
28017,Chickasaw County,MS,44.7
48045,Briscoe County,TX,40.4
12117,Seminole County,FL,56.5
18131,Pulaski County,IN,41.8
18075,Jay County,IN,35.6
36103,Suffolk County,NY,68.6
29125,Maries County,MO,35.3
41063,Wallowa County,OR,55.3
38061,Mountrail County,ND,35.1
48461,Upton County,TX,36.8
38013,Burke County,ND,36.4
39101,Marion County,OH,43.9
72149,Villalba Municipio,PR,80.7
48197,Hardeman County,TX,43.2
20147,Phillips County,KS,40.7
13301,Warren County,GA,18.4
38069,Pierce County,ND,42.4
54019,Fayette County,WV,26.8
55051,Iron County,WI,62.4
20041,Dickinson County,KS,48.6
51740,Portsmouth city,VA,84.7
47035,Cumberland County,TN,43.8
23001,Androscoggin County,ME,62.8
40123,Pontotoc County,OK,47
40117,Pawnee County,OK,45.2
22051,Jefferson Parish,LA,59.6
29155,Pemiscot County,MO,27.6
5091,Miller County,AR,27.8
48177,Gonzales County,TX,45.6
48179,Gray County,TX,36.5
13177,Lee County,GA,19.3
19069,Franklin County,IA,49.8
18085,Kosciusko County,IN,37.8
18117,Orange County,IN,51.8
20011,Bourbon County,KS,34
27081,Lincoln County,MN,48.8
21123,Larue County,KY,40.1
31035,Clay County,NE,38.8
26119,Montmorency County,MI,51.6
47009,Blount County,TN,48.1
30045,Judith Basin County,MT,36.2
55063,La Crosse County,WI,62.4
18073,Jasper County,IN,43.3
39003,Allen County,OH,39.3
49015,Emery County,UT,40.6
37191,Wayne County,NC,46.3
28055,Issaquena County,MS,33.8
51093,Isle of Wight County,VA,46
32510,Carson City,NV,59
38005,Benson County,ND,46.9
20097,Kiowa County,KS,46.9
23007,Franklin County,ME,58.2
40101,Muskogee County,OK,46.1
20109,Logan County,KS,43
6115,Yuba County,CA,45.7
12049,Hardee County,FL,38.4
5137,Stone County,AR,33.9
22011,Beauregard Parish,LA,30.7
22045,Iberia Parish,LA,42.1
22099,St. Martin Parish,LA,37.1
27135,Roseau County,MN,47.9
UNK,Unknown County,WI,0
47085,Humphreys County,TN,38.5
35019,Guadalupe County,NM,63.7
13207,Monroe County,GA,13.3
40005,Atoka County,OK,32.5
51590,Danville city,VA,33.5
12065,Jefferson County,FL,55.2
8087,Morgan County,CO,42.5
6011,Colusa County,CA,52.8
72023,Cabo Rojo Municipio,PR,66
30105,Valley County,MT,42.1
4011,Greenlee County,AZ,38.8
27009,Benton County,MN,37.3
13091,Dodge County,GA,12.2
UNK,Unknown County,HI,0
48011,Armstrong County,TX,36.6
48233,Hutchinson County,TX,31.8
46035,Davison County,SD,53
13279,Toombs County,GA,21.8
48169,Garza County,TX,48
46091,Marshall County,SD,48.6
49011,Davis County,UT,57.6
22013,Bienville Parish,LA,43.6
55057,Juneau County,WI,48.1
48323,Maverick County,TX,72.7
47067,Hancock County,TN,30.2
2230,Skagway Municipality,AK,67.5
13233,Polk County,GA,16
31105,Kimball County,NE,32.7
45011,Barnwell County,SC,50.6
47165,Sumner County,TN,43.8
28119,Quitman County,MS,47.9
26145,Saginaw County,MI,49
55037,Florence County,WI,52.6
13013,Barrow County,GA,20.3
48417,Shackelford County,TX,33.7
24033,Prince George's County,MD,64.8
17125,Mason County,IL,49.1
8075,Logan County,CO,34.7
12043,Glades County,FL,30.9
39173,Wood County,OH,56.3
38001,Adams County,ND,45.6
8055,Huerfano County,CO,50.2
49013,Duchesne County,UT,38.5
28129,Smith County,MS,30.9
48453,Travis County,TX,62.9
53001,Adams County,WA,52.8
5129,Searcy County,AR,36.1
37029,Camden County,NC,52.2
18181,White County,IN,50.8
19131,Mitchell County,IA,45.6
20051,Ellis County,KS,45.5
66010,Guam,GU,58.9
48439,Tarrant County,TX,51.2
17127,Massac County,IL,36.2
46117,Stanley County,SD,54
12073,Leon County,FL,51.9
UNK,Unknown County,CT,0
29510,St. Louis city,MO,51.2
39027,Clinton County,OH,42.8
27117,Pipestone County,MN,50.1
24001,Allegany County,MD,50.5
8097,Pitkin County,CO,74.4
17007,Boone County,IL,54.5
12031,Duval County,FL,55.3
55129,Washburn County,WI,59.1
29221,Washington County,MO,28.8
48213,Henderson County,TX,35.8
21071,Floyd County,KY,53.4
47189,Wilson County,TN,48.3
13319,Wilkinson County,GA,23.4
72005,Aguadilla Municipio,PR,72.8
51015,Augusta County,VA,46.4
19111,Lee County,IA,47
31027,Cedar County,NE,38.3
29027,Callaway County,MO,43.2
55079,Milwaukee County,WI,57.1
28093,Marshall County,MS,48.5
29049,Clinton County,MO,43.5
49031,Piute County,UT,36
45087,Union County,SC,37.8
31073,Gosper County,NE,36.2
24013,Carroll County,MD,66.7
18123,Perry County,IN,52.8
22017,Caddo Parish,LA,44
1083,Limestone County,AL,33.6
18003,Allen County,IN,48.4
27013,Blue Earth County,MN,55.1
40091,McIntosh County,OK,50.7
6071,San Bernardino County,CA,50.5
72077,Juncos Municipio,PR,66.6
48307,McCulloch County,TX,35.3
42133,York County,PA,56.4
27157,Wabasha County,MN,67
48495,Winkler County,TX,35.2
41069,Wheeler County,OR,52.9
40147,Washington County,OK,39
46075,Jones County,SD,64.5
29065,Dent County,MO,29
48067,Cass County,TX,32.4
55009,Brown County,WI,58.5
42117,Tioga County,PA,40.8
28039,George County,MS,37
21125,Laurel County,KY,37.1
28001,Adams County,MS,49.4
47141,Putnam County,TN,47.3
40143,Tulsa County,OK,55.4
13045,Carroll County,GA,23.8
13289,Twiggs County,GA,14.5
45029,Colleton County,SC,44
5051,Garland County,AR,41.6
13247,Rockdale County,GA,19.5
48107,Crosby County,TX,41.1
22105,Tangipahoa Parish,LA,42.1
13087,Decatur County,GA,39.5
31121,Merrick County,NE,39.8
31049,Deuel County,NE,31.2
47149,Rutherford County,TN,48.5
39035,Cuyahoga County,OH,58.3
21141,Logan County,KY,47
31007,Banner County,NE,27.9
39045,Fairfield County,OH,51.7
30017,Custer County,MT,40.3
54095,Tyler County,WV,19.3
49029,Morgan County,UT,45.8
18029,Dearborn County,IN,56.3
49005,Cache County,UT,49.8
39071,Highland County,OH,34.5
54071,Pendleton County,WV,38.3
12095,Orange County,FL,62.6
13069,Coffee County,GA,28.3
8117,Summit County,CO,77.4
19163,Scott County,IA,54.5
21039,Carlisle County,KY,38
20103,Leavenworth County,KS,54.7
47053,Gibson County,TN,41.3
32015,Lander County,NV,35.6
38011,Bowman County,ND,36.4
72115,Quebradillas Municipio,PR,75.1
47051,Franklin County,TN,37.6
8115,Sedgwick County,CO,47.6
48383,Reagan County,TX,37
48367,Parker County,TX,41.5
31091,Hooker County,NE,39.3
21051,Clay County,KY,40.4
46123,Tripp County,SD,41.3
8099,Prowers County,CO,38.9
51630,Fredericksburg city,VA,38.1
48305,Lynn County,TX,35.5
5023,Cleburne County,AR,40.6
24009,Calvert County,MD,62.3
21099,Hart County,KY,32.5
54049,Marion County,WV,9.3
39063,Hancock County,OH,46.6
44007,Providence County,RI,63.5
20177,Shawnee County,KS,55.6
19045,Clinton County,IA,50.1
16083,Twin Falls County,ID,41.1
19169,Story County,IA,57.6
8101,Pueblo County,CO,50.9
28125,Sharkey County,MS,50.2
13269,Taylor County,GA,29.5
46025,Clark County,SD,46.5
38009,Bottineau County,ND,45.4
39011,Auglaize County,OH,36.3
29071,Franklin County,MO,50.5
18019,Clark County,IN,55.7
29163,Pike County,MO,35.1
56003,Big Horn County,WY,34
31099,Kearney County,NE,43.3
30037,Golden Valley County,MT,41.7
48221,Hood County,TX,44.5
27115,Pine County,MN,44.6
47147,Robertson County,TN,47.7
48421,Sherman County,TX,30.9
47037,Davidson County,TN,58.9
UNK,Unknown County,PR,0
72103,Naguabo Municipio,PR,57.6
2158,Kusilvak Census Area,AK,59.4
48283,La Salle County,TX,57.5
37019,Brunswick County,NC,56.7
48155,Foard County,TX,39.7
40007,Beaver County,OK,28.4
29179,Reynolds County,MO,24.2
28157,Wilkinson County,MS,58.7
5113,Polk County,AR,32.3
51775,Salem city,VA,46.7
24037,St. Mary's County,MD,61.3
48405,San Augustine County,TX,37.3
5047,Franklin County,AR,45.1
27047,Freeborn County,MN,52.3
20057,Ford County,KS,38.5
27043,Faribault County,MN,53.1
46051,Grant County,SD,44
51037,Charlotte County,VA,37.1
48311,McMullen County,TX,42.5
51678,Lexington city,VA,38.9
51197,Wythe County,VA,36.2
48075,Childress County,TX,43.6
53045,Mason County,WA,55.1
30093,Silver Bow County,MT,57.2
48207,Haskell County,TX,34
5135,Sharp County,AR,35.6
42023,Cameron County,PA,55.9
20169,Saline County,KS,45.5
17069,Hardin County,IL,36.6
5085,Lonoke County,AR,43.4
39125,Paulding County,OH,39.3
30001,Beaverhead County,MT,50.4
47017,Carroll County,TN,44.2
12059,Holmes County,FL,26.8
72137,Toa Baja Municipio,PR,69.7
20023,Cheyenne County,KS,41.6
46083,Lincoln County,SD,51.5
22079,Rapides Parish,LA,45.1
39023,Clark County,OH,47.2
48279,Lamb County,TX,38.4
1001,Autauga County,AL,36.5
48437,Swisher County,TX,36.6
53061,Snohomish County,WA,62.8
17137,Morgan County,IL,50
50013,Grand Isle County,VT,72.6
39081,Jefferson County,OH,45.7
26033,Chippewa County,MI,64.8
35011,De Baca County,NM,46.1
29089,Howard County,MO,40.3
45057,Lancaster County,SC,40.8
48015,Austin County,TX,43.5
17015,Carroll County,IL,57.6
6063,Plumas County,CA,0
30011,Carter County,MT,28.4
27127,Redwood County,MN,49.3
47031,Coffee County,TN,42.1
42071,Lancaster County,PA,58.9
30109,Wibaux County,MT,26
48347,Nacogdoches County,TX,41.3
72011,Anasco Municipio,PR,68.9
31079,Hall County,NE,42.9
1027,Clay County,AL,39
8051,Gunnison County,CO,63.6
13201,Miller County,GA,23.3
38079,Rolette County,ND,55.5
42089,Monroe County,PA,56.6
53059,Skamania County,WA,35.6
13235,Pulaski County,GA,15.8
42105,Potter County,PA,31.5
37197,Yadkin County,NC,45.3
48101,Cottle County,TX,31.4
16059,Lemhi County,ID,41.8
22075,Plaquemines Parish,LA,55.9
24045,Wicomico County,MD,50.3
27055,Houston County,MN,55.9
12035,Flagler County,FL,58.5
26065,Ingham County,MI,53
12047,Hamilton County,FL,33.2
5141,Van Buren County,AR,39.4
18119,Owen County,IN,39.7
13267,Tattnall County,GA,14.8
8109,Saguache County,CO,32.8
5021,Clay County,AR,42.2
13265,Taliaferro County,GA,22.7
40151,Woods County,OK,38.1
13271,Telfair County,GA,18.6
22057,Lafourche Parish,LA,40.9
20185,Stafford County,KS,41.9
31009,Blaine County,NE,24.3
47071,Hardin County,TN,37.5
72009,Aibonito Municipio,PR,81.4
72121,Sabana Grande Municipio,PR,75.4
48053,Burnet County,TX,47.7
17199,Williamson County,IL,50.3
1111,Randolph County,AL,30.9
37181,Vance County,NC,50.8
28121,Rankin County,MS,47.5
29219,Warren County,MO,38.7
16011,Bingham County,ID,39.8
51007,Amelia County,VA,33.7
72039,Ciales Municipio,PR,75.2
55023,Crawford County,WI,53.4
72129,San Lorenzo Municipio,PR,69
42013,Blair County,PA,46.9
48001,Anderson County,TX,36.2
19167,Sioux County,IA,38.8
UNK,Unknown County,CA,0
5077,Lee County,AR,30.4
48003,Andrews County,TX,40.3
35023,Hidalgo County,NM,53.7
20061,Geary County,KS,59.9
37077,Granville County,NC,55.9
48381,Randall County,TX,42.1
13145,Harris County,GA,21.5
46109,Roberts County,SD,62.7
36009,Cattaraugus County,NY,50.7
53015,Cowlitz County,WA,54.1
19065,Fayette County,IA,50.8
40015,Caddo County,OK,57.9
UNK,Unknown County,DC,0
55101,Racine County,WI,54.7
51153,Prince William County,VA,64.6
29079,Grundy County,MO,32.8
37055,Dare County,NC,68.8
1057,Fayette County,AL,31.7
5059,Hot Spring County,AR,39.5
21001,Adair County,KY,35.4
8019,Clear Creek County,CO,45.5
47181,Wayne County,TN,38.1
39055,Geauga County,OH,56.2
18083,Knox County,IN,46.5
48485,Wichita County,TX,47.6
53023,Garfield County,WA,36.7
29111,Lewis County,MO,31.7
55043,Grant County,WI,50.7
40037,Creek County,OK,39.6
48159,Franklin County,TX,33.3
UNK,Unknown County,AZ,0
6101,Sutter County,CA,52.9
18039,Elkhart County,IN,39.1
46059,Hand County,SD,43.9
37003,Alexander County,NC,41.3
26139,Ottawa County,MI,53.1
31161,Sheridan County,NE,29.1
29105,Laclede County,MO,34.2
42053,Forest County,PA,69.3
39141,Ross County,OH,46.3
47087,Jackson County,TN,31.4
42041,Cumberland County,PA,64.1
6085,Santa Clara County,CA,76.6
48319,Mason County,TX,44
46089,McPherson County,SD,13
54069,Ohio County,WV,13.1
51075,Goochland County,VA,62.2
55029,Door County,WI,72.5
20065,Graham County,KS,67.4
27133,Rock County,MN,49.6
48503,Young County,TX,37.9
56007,Carbon County,WY,40.4
17021,Christian County,IL,43.5
22001,Acadia Parish,LA,48.6
48061,Cameron County,TX,66.1
28067,Jones County,MS,39.3
55111,Sauk County,WI,57.6
47163,Sullivan County,TN,51.8
22125,West Feliciana Parish,LA,82.8
47139,Polk County,TN,39.1
47089,Jefferson County,TN,46.3
38051,McIntosh County,ND,40.4
31131,Otoe County,NE,50.9
30057,Madison County,MT,41.5
35059,Union County,NM,42.4
42025,Carbon County,PA,58.9
19117,Lucas County,IA,42.6
27075,Lake County,MN,61.5
13153,Houston County,GA,36.9
5121,Randolph County,AR,36.6
46105,Perkins County,SD,30.3
12041,Gilchrist County,FL,33.5
72037,Ceiba Municipio,PR,67.3
27159,Wadena County,MN,45.5
45051,Horry County,SC,52.2
17037,DeKalb County,IL,50.8
13009,Baldwin County,GA,15.5
12057,Hillsborough County,FL,55.6
1021,Chilton County,AL,32
16049,Idaho County,ID,27.3
30031,Gallatin County,MT,53.4
33001,Belknap County,NH,57.3
24031,Montgomery County,MD,78.3
28149,Warren County,MS,52.7
48281,Lampasas County,TX,42.6
40077,Latimer County,OK,31.4
37015,Bertie County,NC,46.1
33007,Coos County,NH,59.2
47113,Madison County,TN,50.2
46077,Kingsbury County,SD,60.7
19075,Grundy County,IA,57.7
22043,Grant Parish,LA,38.9
48245,Jefferson County,TX,45.7
6023,Humboldt County,CA,59.3
21203,Rockcastle County,KY,36
21189,Owsley County,KY,42.7
21079,Garrard County,KY,43.8
21003,Allen County,KY,36.3
28085,Lincoln County,MS,35.4
38089,Stark County,ND,33
72019,Barranquitas Municipio,PR,65.6
48397,Rockwall County,TX,52.6
21077,Gallatin County,KY,37.4
49053,Washington County,UT,46.2
27151,Swift County,MN,52.8
2013,Aleutians East Borough,AK,69.6
UNK,Unknown County,SD,0
29181,Ripley County,MO,26.6
34015,Gloucester County,NJ,55.7
27079,Le Sueur County,MN,43.7
39051,Fulton County,OH,48.4
17033,Crawford County,IL,44.9
55067,Langlade County,WI,50.1
35017,Grant County,NM,62.9
23005,Cumberland County,ME,78.8
45025,Chesterfield County,SC,33.3
20119,Meade County,KS,36.8
35039,Rio Arriba County,NM,69.8
48153,Floyd County,TX,41.8
72075,Juana Diaz Municipio,PR,65.5
72045,Comerio Municipio,PR,61.3
42121,Venango County,PA,41
47187,Williamson County,TN,60
5095,Monroe County,AR,50.7
72097,Mayaguez Municipio,PR,71.9
45023,Chester County,SC,41.7
1089,Madison County,AL,54.8
27039,Dodge County,MN,54.3
47063,Hamblen County,TN,39.2
50005,Caledonia County,VT,32.8
21107,Hopkins County,KY,47
21017,Bourbon County,KY,51.4
12133,Washington County,FL,29.7
40105,Nowata County,OK,38.2
13199,Meriwether County,GA,25.3
53053,Pierce County,WA,57.5
48033,Borden County,TX,31.7
27085,McLeod County,MN,52.6
55099,Price County,WI,57.3
4025,Yavapai County,AZ,42
UNK,Unknown County,FM,0
18095,Madison County,IN,48.3
22115,Vernon Parish,LA,47.3
28075,Lauderdale County,MS,46.5
27045,Fillmore County,MN,63
30065,Musselshell County,MT,31.8
48249,Jim Wells County,TX,49.3
21023,Bracken County,KY,42.9
17087,Johnson County,IL,45
37103,Jones County,NC,46.5
20019,Chautauqua County,KS,37.8
37035,Catawba County,NC,50.1
37119,Mecklenburg County,NC,55.9
51065,Fluvanna County,VA,57.6
36049,Lewis County,NY,47.7
46033,Custer County,SD,47
31097,Johnson County,NE,50.1
1103,Morgan County,AL,39.7
48019,Bandera County,TX,42.2
17085,Jo Daviess County,IL,71.6
27153,Todd County,MN,38.4
26113,Missaukee County,MI,44.3
19021,Buena Vista County,IA,61.9
6005,Amador County,CA,50.7
27093,Meeker County,MN,43.3
72113,Ponce Municipio,PR,78.1
26159,Van Buren County,MI,52.1
48253,Jones County,TX,40.3
29185,St. Clair County,MO,31.9
31055,Douglas County,NE,58.8
22085,Sabine Parish,LA,34.3
19017,Bremer County,IA,55.2
48451,Tom Green County,TX,47.5
13139,Hall County,GA,30.6
16065,Madison County,ID,44.5
55078,Menominee County,WI,70.8
26117,Montcalm County,MI,39.1
45059,Laurens County,SC,35.4
20165,Rush County,KS,46.7
23027,Waldo County,ME,64.9
54065,Morgan County,WV,5.7
51101,King William County,VA,48.3
5027,Columbia County,AR,44
54075,Pocahontas County,WV,24
27021,Cass County,MN,51
45065,McCormick County,SC,55.9
40017,Canadian County,OK,52.3
18013,Brown County,IN,46.9
27095,Mille Lacs County,MN,52.6
28079,Leake County,MS,43.2
46039,Deuel County,SD,41.7
55075,Marinette County,WI,49.1
27171,Wright County,MN,48.9
40069,Johnston County,OK,38
19179,Wapello County,IA,45.6
30019,Daniels County,MT,38.8
26045,Eaton County,MI,52.8
16007,Bear Lake County,ID,40.3
1099,Monroe County,AL,40
19115,Louisa County,IA,48.4
23003,Aroostook County,ME,62.9
18071,Jackson County,IN,48.8
UNK,Unknown County,RI,0
28161,Yalobusha County,MS,60.5
40111,Okmulgee County,OK,39.3
48117,Deaf Smith County,TX,38.8
36061,New York County,NY,75.1
47029,Cocke County,TN,46.1
36017,Chenango County,NY,55.9
41009,Columbia County,OR,55.9
26021,Berrien County,MI,51.8
18149,Starke County,IN,34
13223,Paulding County,GA,20.9
28029,Copiah County,MS,48.9
28117,Prentiss County,MS,39.6
2050,Bethel Census Area,AK,59
UNK,Unknown County,PW,0
27053,Hennepin County,MN,66.4
51680,Lynchburg city,VA,30.4
37135,Orange County,NC,68.1
55015,Calumet County,WI,51.2
37101,Johnston County,NC,46.6
13217,Newton County,GA,18.7
13239,Quitman County,GA,12.4
17039,De Witt County,IL,48.3
21047,Christian County,KY,30.7
48441,Taylor County,TX,44.9
35033,Mora County,NM,59.2
54013,Calhoun County,WV,12.9
2130,Ketchikan Gateway Borough,AK,58.9
2275,Wrangell City and Borough,AK,54.5
13249,Schley County,GA,19.2
49035,Salt Lake County,UT,60.3
36121,Wyoming County,NY,46.9
48229,Hudspeth County,TX,59
26063,Huron County,MI,50.9
19011,Benton County,IA,53.3
48337,Montague County,TX,32.4
5037,Cross County,AR,47.7
39065,Hardin County,OH,34.8
10001,Kent County,DE,49.2
47159,Smith County,TN,30.2
35049,Santa Fe County,NM,73.3
48223,Hopkins County,TX,36.1
1129,Washington County,AL,42.7
26095,Luce County,MI,41.8
72057,Guayama Municipio,PR,64.5
48361,Orange County,TX,33.3
48113,Dallas County,TX,54.1
1081,Lee County,AL,35.1
19095,Iowa County,IA,58.2
35041,Roosevelt County,NM,34.1
19067,Floyd County,IA,49.3
19029,Cass County,IA,54.1
29061,Daviess County,MO,29.6
45077,Pickens County,SC,42.9
72029,Canovanas Municipio,PR,68.9
13259,Stewart County,GA,19.5
47065,Hamilton County,TN,52.1
47157,Shelby County,TN,48.9
38033,Golden Valley County,ND,27.4
37185,Warren County,NC,50.4
8021,Conejos County,CO,44
48377,Presidio County,TX,80.8
38091,Steele County,ND,42.9
21227,Warren County,KY,34.9
39025,Clermont County,OH,51.7
13275,Thomas County,GA,25
39103,Medina County,OH,58.1
18099,Marshall County,IN,41.3
12105,Polk County,FL,51.5
38027,Eddy County,ND,48.5
22081,Red River Parish,LA,33
49049,Utah County,UT,47.7
37087,Haywood County,NC,52.3
22033,East Baton Rouge Parish,LA,51.1
17053,Ford County,IL,50.8
20059,Franklin County,KS,46.2
48127,Dimmit County,TX,56.8
28005,Amite County,MS,36.1
UNK,Unknown County,SC,0
28143,Tunica County,MS,46
5105,Perry County,AR,47.9
26081,Kent County,MI,56.4
55049,Iowa County,WI,63.4
40133,Seminole County,OK,47.7
12001,Alachua County,FL,60.6
18049,Fulton County,IN,37.3
56031,Platte County,WY,37.5
39009,Athens County,OH,47.1
17013,Calhoun County,IL,42.2
35037,Quay County,NM,44.3
51077,Grayson County,VA,38.6
13101,Echols County,GA,15.7
39133,Portage County,OH,52.1
2195,Petersburg Census Area,AK,67.7
18161,Union County,IN,45.5
23031,York County,ME,73.2
42073,Lawrence County,PA,50.9
19183,Washington County,IA,52.7
22119,Webster Parish,LA,39.5
36115,Washington County,NY,60.5
UNK,Unknown County,CO,0
18051,Gibson County,IN,43.6
51141,Patrick County,VA,37.2
35006,Cibola County,NM,61.7
21207,Russell County,KY,42.2
13299,Ware County,GA,24.2
21233,Webster County,KY,42.6
17109,McDonough County,IL,44.8
46045,Edmunds County,SD,41.7
20191,Sumner County,KS,39.7
39167,Washington County,OH,49.8
34029,Ocean County,NJ,49.8
8107,Routt County,CO,69.2
32021,Mineral County,NV,51.9
UNK,Unknown County,TN,0
40019,Carter County,OK,39.8
8083,Montezuma County,CO,56.4
17157,Randolph County,IL,47.1
72067,Hormigueros Municipio,PR,73.3
18001,Adams County,IN,30.9
46029,Codington County,SD,49.7
20087,Jefferson County,KS,49.5
53041,Lewis County,WA,46.9
47093,Knox County,TN,55.1
21199,Pulaski County,KY,40.9
28111,Perry County,MS,33.8
20175,Seward County,KS,40.4
40033,Cotton County,OK,45.4
38049,McHenry County,ND,37.5
38105,Williams County,ND,27
22061,Lincoln Parish,LA,39
34011,Cumberland County,NJ,45
19025,Calhoun County,IA,55.2
51009,Amherst County,VA,44
29101,Johnson County,MO,37.2
55107,Rusk County,WI,37.9
48425,Somervell County,TX,40.9
51071,Giles County,VA,42.1
31061,Franklin County,NE,36
27029,Clearwater County,MN,39
4015,Mohave County,AZ,37.5
37113,Macon County,NC,54.6
28099,Neshoba County,MS,36.3
54077,Preston County,WV,32.9
28027,Coahoma County,MS,46.1
13103,Effingham County,GA,23.1
20111,Lyon County,KS,51.7
41011,Coos County,OR,53.5
45031,Darlington County,SC,44.2
46129,Walworth County,SD,43.5
28145,Union County,MS,36.4
36041,Hamilton County,NY,79.2
40141,Tillman County,OK,45.1
56021,Laramie County,WY,48.7
49027,Millard County,UT,39.3
17139,Moultrie County,IL,39.7
20135,Ness County,KS,48.5
55137,Waushara County,WI,41.2
19087,Henry County,IA,49.6
39149,Shelby County,OH,33
31087,Hitchcock County,NE,31.3
31065,Furnas County,NE,40.3
31043,Dakota County,NE,57.8
2198,Prince of Wales-Hyder Census Area,AK,49.8
16027,Canyon County,ID,37.7
19153,Polk County,IA,60.6
5043,Drew County,AR,43.9
1115,St. Clair County,AL,35.8
31063,Frontier County,NE,24.9
48477,Washington County,TX,46.7
39159,Union County,OH,55.7
31143,Polk County,NE,38.4
36011,Cayuga County,NY,54.3
48469,Victoria County,TX,45
1019,Cherokee County,AL,29.3
27173,Yellow Medicine County,MN,53
51085,Hanover County,VA,55.4
26163,Wayne County,MI,49.3
37131,Northampton County,NC,44
6079,San Luis Obispo County,CA,54.5
51171,Shenandoah County,VA,45.7
26029,Charlevoix County,MI,60.8
6095,Solano County,CA,59
38067,Pembina County,ND,50.8
36005,Bronx County,NY,62.8
22089,St. Charles Parish,LA,50.5
54089,Summers County,WV,18.4
48257,Kaufman County,TX,46.3
21061,Edmonson County,KY,32.2
8031,Denver County,CO,68.1
30085,Roosevelt County,MT,58.7
29151,Osage County,MO,37.2
6045,Mendocino County,CA,61.1
42019,Butler County,PA,58.8
28041,Greene County,MS,34.6
37085,Harnett County,NC,35.3
20003,Anderson County,KS,39.7
35029,Luna County,NM,64.6
72099,Moca Municipio,PR,70.8
45015,Berkeley County,SC,43.2
27125,Red Lake County,MN,52
56017,Hot Springs County,WY,44.4
48407,San Jacinto County,TX,31.5
37165,Scotland County,NC,42.5
48501,Yoakum County,TX,36.8
39031,Coshocton County,OH,35.6
35057,Torrance County,NM,43.7
13071,Colquitt County,GA,21.3
17183,Vermilion County,IL,41.6
27129,Renville County,MN,50.2
19039,Clarke County,IA,50.1
54107,Wood County,WV,40
21093,Hardin County,KY,54.1
18025,Crawford County,IN,34.9
27019,Carver County,MN,59.5
55053,Jackson County,WI,45.8
6093,Siskiyou County,CA,49.1
41031,Jefferson County,OR,56.6
51119,Middlesex County,VA,58.9
24029,Kent County,MD,62.4
13073,Columbia County,GA,27.1
30029,Flathead County,MT,38.5
1047,Dallas County,AL,40
47081,Hickman County,TN,38.8
21049,Clark County,KY,49.5
48199,Hardin County,TX,34.6
21231,Wayne County,KY,37.3
48069,Castro County,TX,37.8
1037,Coosa County,AL,36.5
2090,Fairbanks North Star Borough,AK,49.9
8023,Costilla County,CO,56.1
UNK,Unknown County,FL,0
42031,Clarion County,PA,42.2
24015,Cecil County,MD,52.4
20167,Russell County,KS,39.8
21167,Mercer County,KY,49.9
27007,Beltrami County,MN,57.4
37189,Watauga County,NC,49.8
37073,Gates County,NC,46.7
29153,Ozark County,MO,28.7
31167,Stanton County,NE,25.6
48185,Grimes County,TX,47
25013,Hampden County,MA,58.7
1039,Covington County,AL,35
56035,Sublette County,WY,30.4
26061,Houghton County,MI,48.7
12081,Manatee County,FL,56.8
46125,Turner County,SD,48.3
47047,Fayette County,TN,50.9
55021,Columbia County,WI,61
8061,Kiowa County,CO,35.3
17171,Scott County,IL,38.8
18037,Dubois County,IN,53
5009,Boone County,AR,33.9
26099,Macomb County,MI,53
27107,Norman County,MN,55.8
13075,Cook County,GA,35.9
18055,Greene County,IN,38
48005,Angelina County,TX,42.6
53009,Clallam County,WA,63.5
8017,Cheyenne County,CO,30.4
27071,Koochiching County,MN,54.9
45033,Dillon County,SC,41.2
26017,Bay County,MI,53.3
34019,Hunterdon County,NJ,63.8
17071,Henderson County,IL,38.2
29019,Boone County,MO,55.8
13303,Washington County,GA,15.9
42125,Washington County,PA,60.1
13263,Talbot County,GA,30.7
51035,Carroll County,VA,31.6
55069,Lincoln County,WI,51.1
44009,Washington County,RI,71.6
33013,Merrimack County,NH,63.8
45063,Lexington County,SC,49.7
48259,Kendall County,TX,56.5
40107,Okfuskee County,OK,42.5
23009,Hancock County,ME,70.2
26091,Lenawee County,MI,49
27057,Hubbard County,MN,43.8
55005,Barron County,WI,49.4
1101,Montgomery County,AL,47.5
38103,Wells County,ND,40.7
20205,Wilson County,KS,39.8
51159,Richmond County,VA,39.5
5041,Desha County,AR,53.3
27155,Traverse County,MN,58.3
28007,Attala County,MS,49
54101,Webster County,WV,31.2
28153,Wayne County,MS,35.4
28159,Winston County,MS,44.2
5069,Jefferson County,AR,39
1131,Wilcox County,AL,48
40095,Marshall County,OK,40.9
6051,Mono County,CA,0
18033,DeKalb County,IN,39.6
39039,Defiance County,OH,45.1
51810,Virginia Beach city,VA,53.3
72145,Vega Baja Municipio,PR,74.3
8067,La Plata County,CO,65.1
5111,Poinsett County,AR,41
37183,Wake County,NC,64.2
39095,Lucas County,OH,52.2
19135,Monroe County,IA,42.7
28049,Hinds County,MS,52.6
38003,Barnes County,ND,53
18155,Switzerland County,IN,28.9
2282,Yakutat City and Borough,AK,70.8
46102,Oglala Lakota County,SD,61.1
5131,Sebastian County,AR,44.8
48097,Cooke County,TX,34.7
13147,Hart County,GA,27.7
17089,Kane County,IL,59.2
41043,Linn County,OR,51.8
51063,Floyd County,VA,36.7
48165,Gaines County,TX,20
26101,Manistee County,MI,56.4
37195,Wilson County,NC,47.6
27163,Washington County,MN,62.1
31003,Antelope County,NE,34.8
21059,Daviess County,KY,49.6
51111,Lunenburg County,VA,45.6
29009,Barry County,MO,40.7
26083,Keweenaw County,MI,55.3
13105,Elbert County,GA,20.4
4009,Graham County,AZ,56.1
8047,Gilpin County,CO,54.3
31183,Wheeler County,NE,29.1
35027,Lincoln County,NM,54.2
48105,Crockett County,TX,41.9
37063,Durham County,NC,62.8
48301,Loving County,TX,0
51097,King and Queen County,VA,46.9
19151,Pocahontas County,IA,49.4
13297,Walton County,GA,23.9
1075,Lamar County,AL,39.9
26147,St. Clair County,MI,46.6
8091,Ouray County,CO,60.1
12055,Highlands County,FL,47.6
13001,Appling County,GA,15.3
19079,Hamilton County,IA,57.8
51133,Northumberland County,VA,52.2
39005,Ashland County,OH,39.3
UNK,Unknown County,NC,0
17133,Monroe County,IL,55.7
8009,Baca County,CO,37.3
72093,Maricao Municipio,PR,62.4
48057,Calhoun County,TX,47
21149,McLean County,KY,46.8
37149,Polk County,NC,41
48109,Culberson County,TX,48.8
27103,Nicollet County,MN,56.8
8027,Custer County,CO,44.4
21063,Elliott County,KY,32.6
38043,Kidder County,ND,29.8
22023,Cameron Parish,LA,16.8
13315,Wilcox County,GA,15.1
27031,Cook County,MN,74.6
46043,Douglas County,SD,45.3
47049,Fentress County,TN,31.2
54047,McDowell County,WV,23.5
42021,Cambria County,PA,52.1
49057,Weber County,UT,52.3
8119,Teller County,CO,50.1
27145,Stearns County,MN,52.7
17203,Woodford County,IL,50.4
48235,Irion County,TX,38.8
48291,Liberty County,TX,37.5
55065,Lafayette County,WI,55.1
18009,Blackford County,IN,42.4
21027,Breckinridge County,KY,39.3
18045,Fountain County,IN,43
21085,Grayson County,KY,46.5
27165,Watonwan County,MN,52.6
12077,Liberty County,FL,32.6
30107,Wheatland County,MT,32.7
42085,Mercer County,PA,52.1
40127,Pushmataha County,OK,33
53069,Wahkiakum County,WA,46.4
29203,Shannon County,MO,28.3
38037,Grant County,ND,20.5
51595,Emporia city,VA,32.6
18151,Steuben County,IN,44.5
12013,Calhoun County,FL,32.1
20155,Reno County,KS,46.2
48309,McLennan County,TX,46.6
51145,Powhatan County,VA,38.6
19107,Keokuk County,IA,43.5
5149,Yell County,AR,44.5
20193,Thomas County,KS,38.2
51043,Clarke County,VA,57.8
51169,Scott County,VA,52
48357,Ochiltree County,TX,36
21013,Bell County,KY,42.3
13277,Tift County,GA,21.8
55119,Taylor County,WI,32.5
12089,Nassau County,FL,53.2
48365,Panola County,TX,34.1
1133,Winston County,AL,20.1
1071,Jackson County,AL,44.5
35051,Sierra County,NM,60.8
UNK,Unknown County,MS,0
17091,Kankakee County,IL,46.1
72111,Penuelas Municipio,PR,71.9
48085,Collin County,TX,60.6
48335,Mitchell County,TX,33.1
37175,Transylvania County,NC,50.6
51081,Greensville County,VA,34.3
6073,San Diego County,CA,53.3
6113,Yolo County,CA,61.6
19085,Harrison County,IA,47.9
28021,Claiborne County,MS,49.1
28061,Jasper County,MS,45.4
45053,Jasper County,SC,34.2
31109,Lancaster County,NE,60.5
29011,Barton County,MO,31.1
31177,Washington County,NE,50.8
18171,Warren County,IN,42.2
72139,Trujillo Alto Municipio,PR,46
41065,Wasco County,OR,60.4
13173,Lanier County,GA,12.1
2150,Kodiak Island Borough,AK,58.5
54093,Tucker County,WV,31.1
17155,Putnam County,IL,52.1
19125,Marion County,IA,49
72107,Orocovis Municipio,PR,73.3
22065,Madison Parish,LA,39.7
26149,St. Joseph County,MI,41.8
27091,Martin County,MN,51.5
47153,Sequatchie County,TN,31.8
40067,Jefferson County,OK,38.5
27049,Goodhue County,MN,60.5
12009,Brevard County,FL,58.8
40003,Alfalfa County,OK,42.5
13251,Screven County,GA,36.6
46103,Pennington County,SD,51.4
46013,Brown County,SD,50.5
49009,Daggett County,UT,57.8
13227,Pickens County,GA,15.7
39111,Monroe County,OH,41.3
18169,Wabash County,IN,38.8
20149,Pottawatomie County,KS,35.9
18163,Vanderburgh County,IN,53.7
30077,Powell County,MT,42.5
47059,Greene County,TN,43.3
4017,Navajo County,AZ,63.6
19031,Cedar County,IA,55.5
72131,San Sebastian Municipio,PR,79.6
48129,Donley County,TX,31.1
25003,Berkshire County,MA,51.6
17181,Union County,IL,51.2
17065,Hamilton County,IL,33.8
29201,Scott County,MO,40.5
27137,St. Louis County,MN,60.8
36107,Tioga County,NY,55.4
18059,Hancock County,IN,62.4
37089,Henderson County,NC,52.4
18159,Tipton County,IN,42.3
37177,Tyrrell County,NC,45.1
72085,Las Piedras Municipio,PR,65.2
48481,Wharton County,TX,44.5
54097,Upshur County,WV,8.6
29217,Vernon County,MO,32.4
13051,Chatham County,GA,45
50025,Windham County,VT,60.8
30047,Lake County,MT,52.2
54041,Lewis County,WV,29.9
31083,Harlan County,NE,37.8
18069,Huntington County,IN,46.9
4001,Apache County,AZ,75.1
18121,Parke County,IN,37.2
12119,Sumter County,FL,76.1
26157,Tuscola County,MI,43
72109,Patillas Municipio,PR,71.7
28011,Bolivar County,MS,53.5
19173,Taylor County,IA,43.6
UNK,Unknown County,MN,0
72021,Bayamon Municipio,PR,80.2
18023,Clinton County,IN,44
16073,Owyhee County,ID,29.3
27111,Otter Tail County,MN,46.5
13077,Coweta County,GA,28.8
54053,Mason County,WV,33.6
31089,Holt County,NE,38.9
55125,Vilas County,WI,61.8
48349,Navarro County,TX,41
39099,Mahoning County,OH,51.9
30043,Jefferson County,MT,45.4
19133,Monona County,IA,50.3
51041,Chesterfield County,VA,52
17051,Fayette County,IL,32.3
47117,Marshall County,TN,38.9
56043,Washakie County,WY,38.3
27041,Douglas County,MN,52.4
25025,Suffolk County,MA,65.8
19055,Delaware County,IA,50
5031,Craighead County,AR,40.5
29031,Cape Girardeau County,MO,44.9
27089,Marshall County,MN,46.5
45075,Orangeburg County,SC,50.3
26151,Sanilac County,MI,40
26161,Washtenaw County,MI,66.5
38045,LaMoure County,ND,45.1
20133,Neosho County,KS,24.5
40145,Wagoner County,OK,42.8
13283,Treutlen County,GA,16.9
54079,Putnam County,WV,17.7
15009,Maui County,HI,0
6107,Tulare County,CA,46
28109,Pearl River County,MS,42.5
39021,Champaign County,OH,41.5
1049,DeKalb County,AL,30.7
UNK,Unknown County,GU,0
16085,Valley County,ID,53.9
48351,Newton County,TX,23.4
28025,Clay County,MS,42.1
46073,Jerauld County,SD,47.3
29227,Worth County,MO,37.4
51670,Hopewell city,VA,29.5
27101,Murray County,MN,50.2
12131,Walton County,FL,43.5
21095,Harlan County,KY,42.9
39053,Gallia County,OH,41
39087,Lawrence County,OH,40.7
12027,DeSoto County,FL,41.6
29005,Atchison County,MO,51.9
72153,Yauco Municipio,PR,75
13035,Butts County,GA,14.9
20025,Clark County,KS,43.2
28103,Noxubee County,MS,51.1
21097,Harrison County,KY,44
29015,Benton County,MO,44.4
37061,Duplin County,NC,38.1
54109,Wyoming County,WV,36.5
UNK,Unknown County,NM,0
32031,Washoe County,NV,58.6
53017,Douglas County,WA,56.3
47039,Decatur County,TN,35.4
47055,Giles County,TN,35.8
32007,Elko County,NV,37.4
29045,Clark County,MO,27.9
16081,Teton County,ID,54.3
13021,Bibb County,GA,25.5
22019,Calcasieu Parish,LA,38.6
51105,Lee County,VA,46.8
42043,Dauphin County,PA,59.8
47155,Sevier County,TN,46.2
19001,Adair County,IA,45.4
19123,Mahaska County,IA,40.4
56039,Teton County,WY,83
34007,Camden County,NJ,60.6
55035,Eau Claire County,WI,56.4
40115,Ottawa County,OK,35.3
5017,Chicot County,AR,50.7
48423,Smith County,TX,41.7
29189,St. Louis County,MO,56.9
56019,Johnson County,WY,38.8
47099,Lawrence County,TN,33.8
21239,Woodford County,KY,59.5
36025,Delaware County,NY,53
45061,Lee County,SC,37.7
17189,Washington County,IL,53
39089,Licking County,OH,50.1
29195,Saline County,MO,43.3
8015,Chaffee County,CO,59.4
5081,Little River County,AR,36.1
12011,Broward County,FL,64.6
16079,Shoshone County,ID,38.8
21083,Graves County,KY,41.3
30055,McCone County,MT,16.9
48227,Howard County,TX,35.1
37171,Surry County,NC,47.5
12015,Charlotte County,FL,60.6
4013,Maricopa County,AZ,51
29003,Andrew County,MO,33.6
17159,Richland County,IL,42.6
18053,Grant County,IN,38.9
16001,Ada County,ID,53.1
6041,Marin County,CA,79
26049,Genesee County,MI,46.4
45073,Oconee County,SC,42
48205,Hartley County,TX,43.6
51107,Loudoun County,VA,63.9
39017,Butler County,OH,51
2220,Sitka City and Borough,AK,69.7
55103,Richland County,WI,54.2
20007,Barber County,KS,43.5
13261,Sumter County,GA,39.7
41013,Crook County,OR,47
48467,Van Zandt County,TX,34.4
39069,Henry County,OH,49.5
72047,Corozal Municipio,PR,70.2
36067,Onondaga County,NY,67.2
20201,Washington County,KS,48.4
18061,Harrison County,IN,47.1
48315,Marion County,TX,37.7
48459,Upshur County,TX,31.2
1117,Shelby County,AL,32.8
26027,Cass County,MI,39.7
13137,Habersham County,GA,20.1
38075,Renville County,ND,33.6
37167,Stanly County,NC,37.9
31095,Jefferson County,NE,50.8
12127,Volusia County,FL,55
26107,Mecosta County,MI,38.8
30097,Sweet Grass County,MT,37.9
51149,Prince George County,VA,55.1
18035,Delaware County,IN,44.7
21171,Monroe County,KY,42.3
24025,Harford County,MD,63.3
53067,Thurston County,WA,59.7
31125,Nance County,NE,27.1
26155,Shiawassee County,MI,47.7
37079,Greene County,NC,46.2
17191,Wayne County,IL,36.4
36099,Seneca County,NY,49.5
51181,Surry County,VA,51
13311,White County,GA,12.4
31045,Dawes County,NE,34.8
6057,Nevada County,CA,57.7
42057,Fulton County,PA,32.3
2060,Bristol Bay Borough,AK,94.3
20079,Harvey County,KS,42.1
36079,Putnam County,NY,66.6
40049,Garvin County,OK,43.1
30051,Liberty County,MT,32
47183,Weakley County,TN,35.1
24005,Baltimore County,MD,64.4
47107,McMinn County,TN,36.7
48051,Burleson County,TX,44.9
5089,Marion County,AR,33
UNK,Unknown County,AR,0
13189,McDuffie County,GA,19.7
2100,Haines Borough,AK,64.9
35003,Catron County,NM,43
19005,Allamakee County,IA,49.2
28047,Harrison County,MS,49.1
45079,Richland County,SC,55.5
27065,Kanabec County,MN,38.4
24043,Washington County,MD,53.2
36051,Livingston County,NY,54.7
17187,Warren County,IL,45.3
37075,Graham County,NC,45.6
37127,Nash County,NC,52.6
48475,Ward County,TX,33.9
51001,Accomack County,VA,65.7
47161,Stewart County,TN,39
17103,Lee County,IL,54.1
54085,Ritchie County,WV,19.5
47007,Bledsoe County,TN,32.4
54035,Jackson County,WV,18.1
48161,Freestone County,TX,34.6
16057,Latah County,ID,50.2
26103,Marquette County,MI,60.2
6105,Trinity County,CA,0
31041,Custer County,NE,35.5
29093,Iron County,MO,35.7
21197,Powell County,KY,47.9
38065,Oliver County,ND,23.3
21135,Lewis County,KY,34.8
42003,Allegheny County,PA,62.6
48209,Hays County,TX,55.4
42107,Schuylkill County,PA,58.2
13313,Whitfield County,GA,23.2
27123,Ramsey County,MN,63.5
49041,Sevier County,UT,38.4
8057,Jackson County,CO,41.7
38055,McLean County,ND,40.8
20183,Smith County,KS,41.9
40137,Stephens County,OK,43.3
13055,Chattooga County,GA,15.5
46079,Lake County,SD,44.9
UNK,Unknown County,VT,0
8065,Lake County,CO,54.7
31085,Hayes County,NE,22.3
48329,Midland County,TX,39.5
39147,Seneca County,OH,44.7
41007,Clatsop County,OR,61
31075,Grant County,NE,18.5
39001,Adams County,OH,31.5
30041,Hill County,MT,56.6
30067,Park County,MT,53.5
13047,Catoosa County,GA,19.4
40089,McCurtain County,OK,32.7
48115,Dawson County,TX,31.1
55131,Washington County,WI,52.9
47019,Carter County,TN,37.1
1125,Tuscaloosa County,AL,39.5
48237,Jack County,TX,36.5
19007,Appanoose County,IA,43.2
47127,Moore County,TN,20.4
6015,Del Norte County,CA,38.2
4005,Coconino County,AZ,69.6
34031,Passaic County,NJ,62.1
13003,Atkinson County,GA,18.2
31053,Dodge County,NE,48
39151,Stark County,OH,49.5
13093,Dooly County,GA,19.1
51770,Roanoke city,VA,39.7
1119,Sumter County,AL,45.4
48399,Runnels County,TX,41.3
49003,Box Elder County,UT,44.4
47129,Morgan County,TN,47.7
41057,Tillamook County,OR,60.8
18027,Daviess County,IN,30.9
19109,Kossuth County,IA,48.5
17121,Marion County,IL,40.8
72051,Dorado Municipio,PR,69.3
19141,O'Brien County,IA,47.4
39097,Madison County,OH,46.3
48143,Erath County,TX,34.5
17135,Montgomery County,IL,47.1
24041,Talbot County,MD,67.4
16023,Butte County,ID,42
27067,Kandiyohi County,MN,48.6
20117,Marshall County,KS,58.7
47151,Scott County,TN,33.5
48111,Dallam County,TX,39.3
32027,Pershing County,NV,33.4
13281,Towns County,GA,14.6
51610,Falls Church city,VA,54.5
36045,Jefferson County,NY,63.8
56009,Converse County,WY,30.1
12045,Gulf County,FL,47.6
13307,Webster County,GA,19.8
17001,Adams County,IL,49.1
29177,Ray County,MO,36.6
27147,Steele County,MN,55.1
18087,LaGrange County,IN,21.4
8121,Washington County,CO,28
24021,Frederick County,MD,68.3
17009,Brown County,IL,47.4
26003,Alger County,MI,59.4
48479,Webb County,TX,74.2
20029,Cloud County,KS,43.7
48063,Camp County,TX,35.8
48037,Bowie County,TX,35.2
20053,Ellsworth County,KS,50.5
53063,Spokane County,WA,55.3
5001,Arkansas County,AR,51.4
1011,Bullock County,AL,45.6
6047,Merced County,CA,45.6
1007,Bibb County,AL,31.6
17179,Tazewell County,IL,54.2
29137,Monroe County,MO,40.7
18089,Lake County,IN,51.3
38015,Burleigh County,ND,43.4
19175,Union County,IA,47.5
50001,Addison County,VT,63.7
38099,Walsh County,ND,51.1
46055,Haakon County,SD,38.6
12086,Miami-Dade County,FL,77.2
36083,Rensselaer County,NY,64.3
48103,Crane County,TX,32.7
45043,Georgetown County,SC,50.6
8041,El Paso County,CO,56.1
18031,Decatur County,IN,44.6
54051,Marshall County,WV,11
5143,Washington County,AR,49.2
48171,Gillespie County,TX,49.4
55113,Sawyer County,WI,54.6
21185,Oldham County,KY,51.9
17175,Stark County,IL,48.5
53003,Asotin County,WA,38.4
38017,Cass County,ND,52.1
39093,Lorain County,OH,57.3
26079,Kalkaska County,MI,44.1
17005,Bond County,IL,49.4
51029,Buckingham County,VA,37.8
1065,Hale County,AL,55.4
40139,Texas County,OK,39.5
51580,Covington city,VA,33.8
26039,Crawford County,MI,48.2
20009,Barton County,KS,39.3
13273,Terrell County,GA,27.7
40055,Greer County,OK,33.6
45071,Newberry County,SC,48.5
16075,Payette County,ID,28
UNK,Unknown County,AK,0
UNK,Unknown County,IN,0
1093,Marion County,AL,33.5
24047,Worcester County,MD,65.8
8069,Larimer County,CO,61.9
48181,Grayson County,TX,41.1
35025,Lea County,NM,39.3
31181,Webster County,NE,35.9
55019,Clark County,WI,34.2
72095,Maunabo Municipio,PR,67.6
47143,Rhea County,TN,39.7
47145,Roane County,TN,41.4
1123,Tallapoosa County,AL,35.5
5033,Crawford County,AR,41.8
27051,Grant County,MN,50.7
22111,Union Parish,LA,41.7
18139,Rush County,IN,43.7
40045,Ellis County,OK,32.5
5139,Union County,AR,43.7
55093,Pierce County,WI,40.1
10005,Sussex County,DE,61.1
13209,Montgomery County,GA,23.2
18127,Porter County,IN,52.6
19027,Carroll County,IA,57.4
18091,LaPorte County,IN,51.9
12109,St. Johns County,FL,63.9
12063,Jackson County,FL,38.2
28135,Tallahatchie County,MS,37.8
18137,Ripley County,IN,44.1
47111,Macon County,TN,29.1
41037,Lake County,OR,37.3
17073,Henry County,IL,54.3
48295,Lipscomb County,TX,32.2
22063,Livingston Parish,LA,36.4
72135,Toa Alta Municipio,PR,62.5
26109,Menominee County,MI,66.3
48433,Stonewall County,TX,38.1
29063,DeKalb County,MO,26.1
46111,Sanborn County,SD,50
28089,Madison County,MS,58.5
5003,Ashley County,AR,46
55109,St. Croix County,WI,44.7
13321,Worth County,GA,18.1
26143,Roscommon County,MI,53.1
6007,Butte County,CA,48.3
51820,Waynesboro city,VA,42.4
48341,Moore County,TX,40.3
12129,Wakulla County,FL,41.6
42063,Indiana County,PA,43.5
37129,New Hanover County,NC,56.7
18133,Putnam County,IN,39.6
55097,Portage County,WI,56.6
41051,Multnomah County,OR,72
21143,Lyon County,KY,54.7
18107,Montgomery County,IN,42.4
30009,Carbon County,MT,44.4
26105,Mason County,MI,56.5
29067,Douglas County,MO,22.3
13295,Walker County,GA,24.6
19003,Adams County,IA,50.6
21153,Magoffin County,KY,46.8
32033,White Pine County,NV,48.2
47119,Maury County,TN,58.8
37163,Sampson County,NC,46.5
37105,Lee County,NC,50.6
53033,King County,WA,72.5
29213,Taney County,MO,37.5
17047,Edwards County,IL,35.6
48447,Throckmorton County,TX,39.2
51036,Charles City County,VA,46.7
13007,Baker County,GA,35.1
26013,Baraga County,MI,55.9
42069,Lackawanna County,PA,68
38083,Sheridan County,ND,34.8
72071,Isabela Municipio,PR,66.9
37049,Craven County,NC,55.5
23029,Washington County,ME,65.4
5119,Pulaski County,AR,51.9
42119,Union County,PA,56.1
29211,Sullivan County,MO,39.8
48151,Fisher County,TX,33.2
13151,Henry County,GA,22.2
22015,Bossier Parish,LA,44.4
21055,Crittenden County,KY,37.9
51683,Manassas city,VA,46.8
40013,Bryan County,OK,38.6
39175,Wyandot County,OH,43.7
20091,Johnson County,KS,66.4
37133,Onslow County,NC,54.3
19063,Emmet County,IA,47.5
38097,Traill County,ND,45.7
37025,Cabarrus County,NC,49.7
41003,Benton County,OR,69.1
27017,Carlton County,MN,58.2
29095,Jackson County,MO,50.4
17165,Saline County,IL,43.8
17063,Grundy County,IL,51.4
28133,Sunflower County,MS,48.4
13059,Clarke County,GA,24.2
40035,Craig County,OK,48.3
8073,Lincoln County,CO,32.9
48489,Willacy County,TX,57.5
21037,Campbell County,KY,56.5
19033,Cerro Gordo County,IA,58.2
31103,Keya Paha County,NE,26.9
UNK,Unknown County,PA,0
56013,Fremont County,WY,57
29023,Butler County,MO,31.3
48041,Brazos County,TX,47
51600,Fairfax city,VA,56.2
32011,Eureka County,NV,24.3
51073,Gloucester County,VA,55.3
37143,Perquimans County,NC,43.7
48339,Montgomery County,TX,48.9
UNK,Unknown County,KS,0
8125,Yuma County,CO,39.4
21217,Taylor County,KY,44
48445,Terry County,TX,39.2
72123,Salinas Municipio,PR,69.4
47079,Henry County,TN,43.5
20151,Pratt County,KS,44.5
28003,Alcorn County,MS,35.5
29147,Nodaway County,MO,44.9
18067,Howard County,IN,43.9
54045,Logan County,WV,30.7
35005,Chaves County,NM,40.5
41035,Klamath County,OR,47.1
5099,Nevada County,AR,39.7
45013,Beaufort County,SC,61.5
19129,Mills County,IA,50
8013,Boulder County,CO,70.8
49025,Kane County,UT,45.8
21031,Butler County,KY,41.3
13033,Burke County,GA,42.8
48133,Eastland County,TX,33.5
8045,Garfield County,CO,57.6
5053,Grant County,AR,41.9
41061,Union County,OR,45.2
28115,Pontotoc County,MS,38.4
31051,Dixon County,NE,39.7
42115,Susquehanna County,PA,43.8
30069,Petroleum County,MT,29
51710,Norfolk city,VA,49.4
27069,Kittson County,MN,54.5
28023,Clarke County,MS,52.6
42111,Somerset County,PA,45.3
13043,Candler County,GA,20.2
55123,Vernon County,WI,50.8
8033,Dolores County,CO,38.2
40061,Haskell County,OK,37.5
54021,Gilmer County,WV,41.5
30089,Sanders County,MT,35.8
20121,Miami County,KS,43.7
51520,Bristol city,VA,62.8
34041,Warren County,NJ,61.7
17111,McHenry County,IL,59.9
36007,Broome County,NY,58.5
42129,Westmoreland County,PA,55.2
48145,Falls County,TX,40.6
48189,Hale County,TX,38.4
5065,Izard County,AR,34.5
33011,Hillsborough County,NH,57.8
48251,Johnson County,TX,41.5
37095,Hyde County,NC,59
45081,Saluda County,SC,28.2
31149,Rock County,NE,33.5
24017,Charles County,MD,60.2
48087,Collingsworth County,TX,29.1
48183,Gregg County,TX,41.3
48175,Goliad County,TX,38.6
36037,Genesee County,NY,55.1
23015,Lincoln County,ME,73.8
37059,Davie County,NC,51.4
23021,Piscataquis County,ME,57.6
1127,Walker County,AL,43.1
6111,Ventura County,CA,64.3
34017,Hudson County,NJ,67.8
55091,Pepin County,WI,46
37141,Pender County,NC,46.5
29149,Oregon County,MO,28.5
40081,Lincoln County,OK,36.3
31129,Nuckolls County,NE,46.3
21145,McCracken County,KY,50.9
41067,Washington County,OR,68.5
19019,Buchanan County,IA,49.9
20179,Sheridan County,KS,33.1
19015,Boone County,IA,58.9
38093,Stutsman County,ND,48.8
17031,Cook County,IL,63.4
51021,Bland County,VA,35.3
26037,Clinton County,MI,52.9
29127,Marion County,MO,38.6
29119,McDonald County,MO,29.4
47103,Lincoln County,TN,38.8
46061,Hanson County,SD,38.1
21169,Metcalfe County,KY,36.3
28097,Montgomery County,MS,51.4
40063,Hughes County,OK,41.7
13099,Early County,GA,21.4
20163,Rooks County,KS,44.6
30081,Ravalli County,MT,45.3
23023,Sagadahoc County,ME,71.5
30079,Prairie County,MT,35.1
20005,Atchison County,KS,40.9
37007,Anson County,NC,41.7
12023,Columbia County,FL,38.5
UNK,Unknown County,MH,0
30073,Pondera County,MT,49.1
47057,Grainger County,TN,45.9
27001,Aitkin County,MN,55.2
16025,Camas County,ID,38.6
38023,Divide County,ND,38.2
54033,Harrison County,WV,21.3
46067,Hutchinson County,SD,50.3
31171,Thomas County,NE,23.3
28053,Humphreys County,MS,52.5
30003,Big Horn County,MT,76.9
51103,Lancaster County,VA,57.7
54091,Taylor County,WV,4.7
2170,Matanuska-Susitna Borough,AK,34.6
48029,Bexar County,TX,61.7
54061,Monongalia County,WV,15.9
46069,Hyde County,SD,50.8
17025,Clay County,IL,35.6
17119,Madison County,IL,55.2
13193,Macon County,GA,20.6
17081,Jefferson County,IL,40.6
17115,Macon County,IL,48.1
16041,Franklin County,ID,36.9
54055,Mercer County,WV,40
20203,Wichita County,KS,46.5
22077,Pointe Coupee Parish,LA,51.2
21147,McCreary County,KY,35.6
37139,Pasquotank County,NC,48.2
19195,Worth County,IA,48.2
34003,Bergen County,NJ,69.5
22035,East Carroll Parish,LA,41.1
29047,Clay County,MO,48.3
27097,Morrison County,MN,43.9
17045,Edgar County,IL,43.4
6017,El Dorado County,CA,57.3
54027,Hampshire County,WV,23.2
1055,Etowah County,AL,37.5
35021,Harding County,NM,54.4
29057,Dade County,MO,41.1
47073,Hawkins County,TN,41.1
37023,Burke County,NC,42.7
6013,Contra Costa County,CA,72.7
2105,Hoonah-Angoon Census Area,AK,66.7
29107,Lafayette County,MO,42.2
38025,Dunn County,ND,21.8
41025,Harney County,OR,43
45037,Edgefield County,SC,54.6
20037,Crawford County,KS,43.5
27161,Waseca County,MN,52.3
31059,Fillmore County,NE,48.9
56027,Niobrara County,WY,28.7
19009,Audubon County,IA,55.2
26111,Midland County,MI,55
44005,Newport County,RI,71.8
5071,Johnson County,AR,45
51087,Henrico County,VA,52.2
42027,Centre County,PA,55.8
37173,Swain County,NC,50.1
39013,Belmont County,OH,42.5
21237,Wolfe County,KY,49.3
37179,Union County,NC,49.2
47167,Tipton County,TN,36.5
25007,Dukes County,MA,3.7
13183,Long County,GA,7.9
41071,Yamhill County,OR,57.8
12039,Gadsden County,FL,53.5
48225,Houston County,TX,38.4
29215,Texas County,MO,30.1
46071,Jackson County,SD,41.4
29187,St. Francois County,MO,39.7
48317,Martin County,TX,28.8
37083,Halifax County,NC,48
39073,Hocking County,OH,44.1
31017,Brown County,NE,33.6
26135,Oscoda County,MI,39.7
41041,Lincoln County,OR,65.8
18145,Shelby County,IN,53.3
23017,Oxford County,ME,61.5
26071,Iron County,MI,53.2
48219,Hockley County,TX,38.6
38081,Sargent County,ND,55
17093,Kendall County,IL,59.9
13291,Union County,GA,16.1
1023,Choctaw County,AL,59.8
1105,Perry County,AL,44.4
13293,Upson County,GA,37.4
22049,Jackson Parish,LA,38
1091,Marengo County,AL,50.2
21213,Simpson County,KY,46.4
21209,Scott County,KY,50
17003,Alexander County,IL,26.9
21067,Fayette County,KY,59.5
31173,Thurston County,NE,60.4
13257,Stephens County,GA,14.7
41015,Curry County,OR,51.5
40125,Pottawatomie County,OK,43.6
17153,Pulaski County,IL,36.3
37187,Washington County,NC,45.3
31127,Nemaha County,NE,45.7
46087,McCook County,SD,50.4
46137,Ziebach County,SD,25.4
1013,Butler County,AL,35.8
47125,Montgomery County,TN,52.7
6099,Stanislaus County,CA,52.5
45001,Abbeville County,SC,36.8
5107,Phillips County,AR,45.1
17023,Clark County,IL,44.1
49033,Rich County,UT,42.4
37193,Wilkes County,NC,42.9
51125,Nelson County,VA,53.6
28051,Holmes County,MS,53.1
8005,Arapahoe County,CO,60.5
48373,Polk County,TX,43.2
55017,Chippewa County,WI,52.3
21157,Marshall County,KY,49.8
42067,Juniata County,PA,40.9
19155,Pottawattamie County,IA,51.8
72133,Santa Isabel Municipio,PR,64.5
50011,Franklin County,VT,33
8071,Las Animas County,CO,56.5
13065,Clinch County,GA,31.7
20043,Doniphan County,KS,43.9
2122,Kenai Peninsula Borough,AK,42.7
36077,Otsego County,NY,56.4
28095,Monroe County,MS,46.6
17167,Sangamon County,IL,59.2
29165,Platte County,MO,50.4
40023,Choctaw County,OK,32.2
48443,Terrell County,TX,50.4
48427,Starr County,TX,65.1
26067,Ionia County,MI,43.3
8039,Elbert County,CO,34.1
27143,Sibley County,MN,44
37107,Lenoir County,NC,48.9
48123,DeWitt County,TX,42
18165,Vermillion County,IN,43.6
48359,Oldham County,TX,32.3
13121,Fulton County,GA,30.6
46115,Spink County,SD,47.9
53073,Whatcom County,WA,65.4
34001,Atlantic County,NJ,59.7
51550,Chesapeake city,VA,42
55073,Marathon County,WI,54.6
72041,Cidra Municipio,PR,69
48195,Hansford County,TX,39.7
2261,Valdez-Cordova Census Area,AK,53.7
17117,Macoupin County,IL,50.3
15001,Hawaii County,HI,0
39015,Brown County,OH,37.1
27099,Mower County,MN,56
13287,Turner County,GA,22.4
31113,Logan County,NE,20.1
19041,Clay County,IA,48.3
24039,Somerset County,MD,45.2
42101,Philadelphia County,PA,58.9
39047,Fayette County,OH,39.6
13179,Liberty County,GA,42.3
48215,Hidalgo County,TX,62.4
35055,Taos County,NM,75.3
20107,Linn County,KS,32.7
78010,St. Croix Island,VI,0
72087,Loiza Municipio,PR,50.9
18043,Floyd County,IN,53
36073,Orleans County,NY,50.7
55033,Dunn County,WI,44.6
48261,Kenedy County,TX,51
42033,Clearfield County,PA,47.1
28123,Scott County,MS,45.8
45035,Dorchester County,SC,48.3
48333,Mills County,TX,40.6
51183,Sussex County,VA,33.8
51660,Harrisonburg city,VA,37.4
40093,Major County,OK,45.9
55077,Marquette County,WI,49.4
13079,Crawford County,GA,19.1
55135,Waupaca County,WI,49.8
51131,Northampton County,VA,65.9
4027,Yuma County,AZ,59.5
53035,Kitsap County,WA,59.8
13161,Jeff Davis County,GA,12.1
48163,Frio County,TX,50.5
48321,Matagorda County,TX,42.5
20095,Kingman County,KS,43.9
31057,Dundy County,NE,33.7
51013,Arlington County,VA,68.9
22083,Richland Parish,LA,39.5
51147,Prince Edward County,VA,30.5
32003,Clark County,NV,50.8
55081,Monroe County,WI,48.3
35015,Eddy County,NM,41.6
26069,Iosco County,MI,53.2
31157,Scotts Bluff County,NE,37.2
42061,Huntingdon County,PA,47.9
19119,Lyon County,IA,37.8
48191,Hall County,TX,40.6
12099,Palm Beach County,FL,61
48269,King County,TX,20.6
35001,Bernalillo County,NM,63.3
16069,Nez Perce County,ID,48
19093,Ida County,IA,45.7
29017,Bollinger County,MO,30.4
46003,Aurora County,SD,48.7
18173,Warrick County,IN,58.4
34023,Middlesex County,NJ,65.1
45067,Marion County,SC,44.4
30111,Yellowstone County,MT,47.3
5057,Hempstead County,AR,35.3
54017,Doddridge County,WV,4.7
38035,Grand Forks County,ND,51.2
45069,Marlboro County,SC,39.3
18129,Posey County,IN,44.4
56005,Campbell County,WY,26.4
5101,Newton County,AR,30.9
49045,Tooele County,UT,50.3
6049,Modoc County,CA,0
6009,Calaveras County,CA,58
17141,Ogle County,IL,51.9
29223,Wayne County,MO,33.5
26129,Ogemaw County,MI,42.3
35043,Sandoval County,NM,64.5
25005,Bristol County,MA,58.6
19187,Webster County,IA,53.2
48303,Lubbock County,TX,44.3
20075,Hamilton County,KS,35.8
48079,Cochran County,TX,36.5
50015,Lamoille County,VT,55.5
72025,Caguas Municipio,PR,72.3
41055,Sherman County,OR,54
17075,Iroquois County,IL,45.8
25015,Hampshire County,MA,59.8
1073,Jefferson County,AL,52.1
16067,Minidoka County,ID,34.2
28015,Carroll County,MS,37.8
35009,Curry County,NM,44.9
38085,Sioux County,ND,40.2
72054,Florida Municipio,PR,77.6
13089,DeKalb County,GA,33
38053,McKenzie County,ND,19.4
13205,Mitchell County,GA,22.8
48025,Bee County,TX,45.5
36015,Chemung County,NY,54.1
48141,El Paso County,TX,69.2
19099,Jasper County,IA,53.9
28033,DeSoto County,MS,48.2
16005,Bannock County,ID,43
29083,Henry County,MO,41.9
46063,Harding County,SD,17.6
54105,Wirt County,WV,6.5
31067,Gage County,NE,39.7
51700,Newport News city,VA,49.2
UNK,Unknown County,WY,0
36003,Allegany County,NY,39.5
45017,Calhoun County,SC,35.8
36081,Queens County,NY,75.3
16009,Benewah County,ID,44.5
37033,Caswell County,NC,46.2
28069,Kemper County,MS,40.9
48211,Hemphill County,TX,38.2
1005,Barbour County,AL,39.3
26133,Osceola County,MI,39.3
78030,St. Thomas Island,VI,0
56025,Natrona County,WY,39.9
6083,Santa Barbara County,CA,62.9
21223,Trimble County,KY,39.5
19121,Madison County,IA,49.7
18135,Randolph County,IN,41.7
42109,Snyder County,PA,43
28101,Newton County,MS,47.8
29035,Carter County,MO,30.5
46085,Lyman County,SD,54.1
13029,Bryan County,GA,34.3
46023,Charles Mix County,SD,48
31101,Keith County,NE,33.8
47121,Meigs County,TN,63.7
24023,Garrett County,MD,45
42091,Montgomery County,PA,63.5
48137,Edwards County,TX,34.8
16053,Jerome County,ID,36.7
54103,Wetzel County,WV,10.9
47091,Johnson County,TN,34.5
25017,Middlesex County,MA,71.2
55105,Rock County,WI,62.7
48119,Delta County,TX,32.8
13285,Troup County,GA,22.2
21075,Fulton County,KY,52.9
18179,Wells County,IN,38.9
46011,Brookings County,SD,45.9
13085,Dawson County,GA,14
20115,Marion County,KS,44.8
46101,Moody County,SD,43.4
2016,Aleutians West Census Area,AK,56.5
46019,Butte County,SD,36
19137,Montgomery County,IA,51.9
54073,Pleasants County,WV,14.1
42075,Lebanon County,PA,51.9
UNK,Unknown County,WA,0
1059,Franklin County,AL,40
37051,Cumberland County,NC,57.8
56037,Sweetwater County,WY,41.3
22067,Morehouse Parish,LA,41.1
18015,Carroll County,IN,31.9
26141,Presque Isle County,MI,56.9
21211,Shelby County,KY,42
29059,Dallas County,MO,32.8
37013,Beaufort County,NC,50.1
17035,Cumberland County,IL,35.8
48429,Stephens County,TX,33.8
51027,Buchanan County,VA,44.1
47075,Haywood County,TN,47.3
26137,Otsego County,MI,51.8
16013,Blaine County,ID,69.1
44003,Kent County,RI,71.5
16063,Lincoln County,ID,35
13095,Dougherty County,GA,25.4
72083,Las Marias Municipio,PR,79
18111,Newton County,IN,29.3
UNK,Unknown County,KY,0
51735,Poquoson city,VA,43.5
47123,Monroe County,TN,40.3
36065,Oneida County,NY,56.7
55095,Polk County,WI,46.8
13181,Lincoln County,GA,20.9
72027,Camuy Municipio,PR,71.1
17169,Schuyler County,IL,47.4
20131,Nemaha County,KS,49.2
12121,Suwannee County,FL,34.8
47083,Houston County,TN,38.5
18147,Spencer County,IN,41.6
29021,Buchanan County,MO,34.9
16037,Custer County,ID,41.9
18077,Jefferson County,IN,51.7
51173,Smyth County,VA,44.6
41033,Josephine County,OR,47.2
22055,Lafayette Parish,LA,46
33015,Rockingham County,NH,60.7
46021,Campbell County,SD,62
53013,Columbia County,WA,43.8
48125,Dickens County,TX,30.8
UNK,Unknown County,AL,0
53047,Okanogan County,WA,63
51011,Appomattox County,VA,32
28151,Washington County,MS,45.1
13309,Wheeler County,GA,11.3
37161,Rutherford County,NC,37.6
20099,Labette County,KS,45.5
19157,Poweshiek County,IA,54.1
19077,Guthrie County,IA,54.4
20187,Stanton County,KS,45.9
39059,Guernsey County,OH,41
21057,Cumberland County,KY,40.2
28063,Jefferson County,MS,63
47013,Campbell County,TN,40.1
53077,Yakima County,WA,55.2
46015,Brule County,SD,48.1
8077,Mesa County,CO,45.2
55127,Walworth County,WI,49.2
5015,Carroll County,AR,42.6
48173,Glasscock County,TX,38.7
1077,Lauderdale County,AL,42.4
12033,Escambia County,FL,49.4
19105,Jones County,IA,54.5
47131,Obion County,TN,37.2
55059,Kenosha County,WI,53.6
13011,Banks County,GA,14.8
40009,Beckham County,OK,37.8
21221,Trigg County,KY,43.5
48073,Cherokee County,TX,35.4
51177,Spotsylvania County,VA,42.4
31093,Howard County,NE,39.4
20105,Lincoln County,KS,41.1
28019,Choctaw County,MS,32.9
1079,Lawrence County,AL,43.2
36031,Essex County,NY,65.8
26047,Emmet County,MI,68.5
42113,Sullivan County,PA,47.5
37137,Pamlico County,NC,50.9
29207,Stoddard County,MO,36.7
35013,Dona Ana County,NM,66.9
47021,Cheatham County,TN,46.2
29141,Morgan County,MO,34.8
UNK,Unknown County,ND,0
39145,Scioto County,OH,45.3
50009,Essex County,VT,35.8
8085,Montrose County,CO,43.6
6091,Sierra County,CA,0
13245,Richmond County,GA,35.2
16019,Bonneville County,ID,43.3
1069,Houston County,AL,38.9
39119,Muskingum County,OH,44.4
48273,Kleberg County,TX,56.5
28147,Walthall County,MS,37.2
36085,Richmond County,NY,64.5
UNK,Unknown County,ID,0
28037,Franklin County,MS,43.7
27003,Anoka County,MN,52.5
20001,Allen County,KS,41.1
31001,Adams County,NE,38.5
26035,Clare County,MI,43.4
22093,St. James Parish,LA,46.1
39155,Trumbull County,OH,50.4
40109,Oklahoma County,OK,58
54063,Monroe County,WV,30.1
48167,Galveston County,TX,54.8
20123,Mitchell County,KS,49.9
36033,Franklin County,NY,59.2
45047,Greenwood County,SC,44.7
48449,Titus County,TX,34.3
72151,Yabucoa Municipio,PR,68.4
12037,Franklin County,FL,45.4
17055,Franklin County,IL,41.1
42131,Wyoming County,PA,57.7
37057,Davidson County,NC,43.1
46027,Clay County,SD,60.8
8029,Delta County,CO,43.9
18079,Jennings County,IN,37.2
37169,Stokes County,NC,42.7
51750,Radford city,VA,34.5
39057,Greene County,OH,59.6
UNK,Unknown County,MP,0
37125,Moore County,NC,52.3
38071,Ramsey County,ND,52.4
37145,Person County,NC,51.3
17193,White County,IL,45
12087,Monroe County,FL,71.2
36021,Columbia County,NY,68.5
39121,Noble County,OH,39.6
31031,Cherry County,NE,31.5
16077,Power County,ID,42.5
25011,Franklin County,MA,61.1
37009,Ashe County,NC,48.2
47011,Bradley County,TN,38.2
48203,Harrison County,TX,36.5
48157,Fort Bend County,TX,63.8
12071,Lee County,FL,57.1
5005,Baxter County,AR,43.9
21007,Ballard County,KY,34.4
38007,Billings County,ND,19.9
13171,Lamar County,GA,14.8
39077,Huron County,OH,43.6
37017,Bladen County,NC,45.1
22109,Terrebonne Parish,LA,41.1
UNK,Unknown County,NH,0
39061,Hamilton County,OH,56.5
40087,McClain County,OK,44.2
46037,Day County,SD,58.6
51163,Rockbridge County,VA,44.6
1067,Henry County,AL,40.9
8035,Douglas County,CO,65.8
48275,Knox County,TX,36.5
27109,Olmsted County,MN,68.5
19189,Winnebago County,IA,48.8
21089,Greenup County,KY,47.8
6029,Kern County,CA,45.9
13107,Emanuel County,GA,30
29043,Christian County,MO,42.4
31117,McPherson County,NE,13.2
55025,Dane County,WI,74.4
53005,Benton County,WA,51.2
31185,York County,NE,48.3
46031,Corson County,SD,32.5
72069,Humacao Municipio,PR,72.4
UNK,Unknown County,NY,0
48071,Chambers County,TX,42.1
35035,Otero County,NM,53.1
38077,Richland County,ND,47.1
29139,Montgomery County,MO,45.3
37151,Randolph County,NC,39.8
56033,Sheridan County,WY,46.2
51650,Hampton city,VA,56
37031,Carteret County,NC,53
17149,Pike County,IL,37.3
51187,Warren County,VA,35.6
2240,Southeast Fairbanks Census Area,AK,30.6
32001,Churchill County,NV,44.4
48013,Atascosa County,TX,45.4
37099,Jackson County,NC,48.2
39157,Tuscarawas County,OH,40.6
1033,Colbert County,AL,44.2
13061,Clay County,GA,37.4
8037,Eagle County,CO,74.4
17059,Gallatin County,IL,48.7
24011,Caroline County,MD,52.1
18167,Vigo County,IN,46.6
6077,San Joaquin County,CA,54.9
29145,Newton County,MO,23.7
45049,Hampton County,SC,58.8
29133,Mississippi County,MO,40.4
21229,Washington County,KY,46.7
46107,Potter County,SD,54.7
42083,McKean County,PA,36.9
48463,Uvalde County,TX,48.8
53075,Whitman County,WA,42.1
21131,Leslie County,KY,48.1
5079,Lincoln County,AR,31.9
28105,Oktibbeha County,MS,47.5
17057,Fulton County,IL,52.4
20197,Wabaunsee County,KS,43.4
37199,Yancey County,NC,46.7
13197,Marion County,GA,18
20125,Montgomery County,KS,41.7
47115,Marion County,TN,41.6
53011,Clark County,WA,58.5
30025,Fallon County,MT,31.1
39105,Meigs County,OH,40.3
39007,Ashtabula County,OH,47.6
26123,Newaygo County,MI,41.4
54007,Braxton County,WV,12.4
UNK,Unknown County,OK,0
31115,Loup County,NE,28
36111,Ulster County,NY,66
53031,Jefferson County,WA,72.3
51025,Brunswick County,VA,47.1
37027,Caldwell County,NC,43.2
48193,Hamilton County,TX,48
40047,Garfield County,OK,45.5
55133,Waukesha County,WI,63.7
19023,Butler County,IA,53.7
40071,Kay County,OK,38.6
25001,Barnstable County,MA,5.4
46119,Sully County,SD,40.8
21053,Clinton County,KY,36.9
9007,Middlesex County,CT,76.9
1061,Geneva County,AL,35.1
48505,Zapata County,TX,56.3
22101,St. Mary Parish,LA,41.3
41039,Lane County,OR,63.4
21021,Boyle County,KY,51.9
5147,Woodruff County,AR,52.5
20067,Grant County,KS,42.8
51830,Williamsburg city,VA,38.9
48023,Baylor County,TX,38.7
27083,Lyon County,MN,51.9
30015,Chouteau County,MT,29
45003,Aiken County,SC,42.8
55087,Outagamie County,WI,58.2
39169,Wayne County,OH,41.3